,Planet,Planet status,mass,diameter,orbital_period,Semi major axis,eccentricity,Angular distance,Year discovered,Date updated,tzero_tr,Calculated temperature,Measured temperature,log_g,detection_type,molecules,Star,star_distance,Star age
118,AU Mic b,Confirmed,0.116,0.9142,8.46303507,0.08305,0.012,,2020.0,2023-02-20,2458330.39017,569.5,,,Primary Transit,,AU Mic,9.79,0.022
119,AU Mic c,Confirmed,0.101,0.56,18.859014,0.1417,0.06,,2020.0,2023-02-20,2458342.22231,436.0,,,Primary Transit,,AU Mic,9.79,0.022
129,BD+20 594 b,Confirmed,0.07,0.46,41.6855,0.241,0.0,,2016.0,2021-02-05,2457151.9021,386.0,,,Primary Transit,,BD+20 594,180.39,3.34
176,CoRoT-15 b,Confirmed,63.4,2.24,3.06036,0.045,0.0,,2010.0,2015-09-23,2454753.5608,1740.0,,,Primary Transit,,CoRoT-15,,
185,CoRoT-22 b,Confirmed,0.06,0.8708,9.75598,0.092,0.077,0.000149,2011.0,2018-11-20,2454598.42014,885.0,,,Primary Transit,,CoRoT-22,592.0,3.3
187,CoRoT-24 b,Confirmed,0.018,0.66,5.1134,0.056,0.0,9.3e-05,2011.0,2019-06-13,2454789.611,1070.0,,,Primary Transit,,CoRoT-24,600.0,11.0
188,CoRoT-24 c,Confirmed,0.088,0.88,11.759,0.098,0.0,0.000163,2011.0,2019-06-13,2454795.3803,850.0,,,Primary Transit,,CoRoT-24,600.0,11.0
191,CoRoT-27 b,Confirmed,10.39,2.014,3.57532,0.0476,0.065,,2012.0,2014-07-10,2455748.684,1500.0,,,Primary Transit,,CoRoT-27,,4.21
200,CoRoT-36 b,Confirmed,0.68,2.82,5.616531,0.066,0.0,,2022.0,2022-07-19,2455662.5236,1567.0,,,Primary Transit,,CoRoT-36,954.0,2.1
250,EPIC 211945201 b,Confirmed,0.085,1.028,19.49221,0.1493,0.0,,2018.0,2021-02-08,2458113.93994,817.0,,,Primary Transit,,EPIC 211945201,182.69,3.99
256,EPIC 212737443 b,Confirmed,0.02907,0.462,13.603,0.098,0.2,,2019.0,2021-02-08,2457234.97,536.0,,,Primary Transit,,EPIC 212737443,347.45,
258,EPIC 219388192 b,Confirmed,36.0,1.692,5.292569,0.0593,0.1893,,2016.0,2019-03-11,2457341.037008,1164.0,,,Primary Transit,,EPIC 219388192,300.0,3.9
259,EPIC 246193072 b,Confirmed,0.26,1.548,12.4551225,0.1016,0.0697,,2020.0,2022-12-07,2457773.15727,650.0,,,Primary Transit,,EPIC 246193072,230.4,1.8
267,G 9-40 b,Confirmed,0.013,0.34,5.7459982,0.0418,0.0,,2019.0,2022-08-16,2459503.32682,440.6,,,Primary Transit,,G 9-40,27.93,9.9
275,GJ 1132 b,Confirmed,0.00522,0.207,1.628931,0.0154,0.0,,2015.0,2018-11-15,2457184.55786,580.0,,,Primary Transit,"CO2, H2, N2, O2",GJ 1132,12.04,5.0
313,GJ 3090 b,Confirmed,0.01051,0.38,2.8531054,0.03165,0.18,,2022.0,2022-07-29,2458370.0,692.0,,,Primary Transit,,GJ 3090,22.444,
329,GJ 3473 b,Confirmed,0.00585,0.22554,1.1980035,0.01589,0.0,,2020.0,2020-09-23,2458492.20408,773.0,,,Primary Transit,,GJ 3473,27.39,
333,GJ 357 b,Confirmed,0.006566,0.20822,3.93086,0.033,0.047,,2019.0,2020-07-21,2458517.9994,525.0,,,Primary Transit,,GJ 357,9.444,
356,GJ 486 b,Confirmed,0.00887,0.23286,1.467119,0.01734,0.05,,2021.0,2023-05-02,2458931.15935,700.0,,,Primary Transit,H2O,GJ 486,8.0761,
401,GJ 9827 b,Confirmed,0.01532,0.27282,1.2089765,0.01866,0.0,,2017.0,2020-09-09,2457738.82586,1043.5,,,Primary Transit,,GJ 9827,30.3,
403,GJ 9827 d,Confirmed,0.01076,0.34882,6.20183,0.0555,0.0,,2017.0,2020-09-09,2457740.961,604.9,,,Primary Transit,,GJ 9827,30.3,
406,GPX-1 b,Confirmed,19.7,2.94,1.744579,0.0338,0.0,,2020.0,2020-09-28,2458770.23823,2300.0,,,Primary Transit,,GPX-1,,0.27
420,HAT-P-1 b,Confirmed,0.525,2.638,4.46529976,0.05561,0.067,0.000398,2006.0,2022-07-27,2453979.93202,1322.0,,,Primary Transit,"H2O, K, Na",HAT-P-1,139.0,3.6
422,HAT-P-11 b,Confirmed,0.0736,0.778,4.887802443,0.053,0.265,0.001395,2009.0,2022-07-07,2454605.89132,750.0,,,Primary Transit,"C, H, H2O, He",HAT-P-11,37.89,6.5
432,HAT-P-18 b,Confirmed,0.183,1.894,5.508029,0.0559,0.106,0.000337,2010.0,2022-07-07,2454715.02254,841.0,,2.734,Primary Transit,"H2O, He",HAT-P-18,166.0,12.4
441,HAT-P-26 b,Confirmed,0.0585,1.14,4.234502,0.0479,0.124,0.000357,2010.0,2023-03-08,2455304.6521,590.0,,,Primary Transit,"CH4, CO, CO2, CrH, H2O, ScH, TiH",HAT-P-26,134.0,9.0
459,HAT-P-42 b,Confirmed,0.975,2.554,4.641876,0.0575,0.0,,2012.0,2018-12-17,2455952.52606,1427.0,,3.17,Primary Transit,,HAT-P-42,447.0,5.1
460,HAT-P-43 b,Confirmed,0.66,2.566,3.332688,0.0443,0.0,,2012.0,2018-12-17,2455997.37105,1361.0,,,Primary Transit,,HAT-P-43,543.0,5.7
468,HAT-P-49 b,Confirmed,1.73,2.826,2.691548,0.0438,0.0,,2014.0,2014-05-21,2456399.62406,2131.0,,,Primary Transit,,HAT-P-49,322.0,1.5
470,HAT-P-50 b,Confirmed,1.36,2.576,3.1220109,0.0453,0.115,,2015.0,2015-07-27,2456285.90993,1862.0,,,Primary Transit,,HAT-P-50,597.0,3.37
471,HAT-P-51 b,Confirmed,0.309,2.586,4.2180278,0.05069,0.123,,2015.0,2015-08-17,2456194.12204,1192.0,,,Primary Transit,,HAT-P-51,470.0,8.2
472,HAT-P-52 b,Confirmed,0.819,2.018,2.7535953,0.03694,0.047,,2015.0,2018-12-17,2455852.10329,1218.0,,,Primary Transit,,HAT-P-52,385.0,9.4
473,HAT-P-53 b,Confirmed,1.487,2.636,1.9616241,0.03159,0.134,,2015.0,2015-08-17,2455829.44781,1778.0,,,Primary Transit,,HAT-P-53,719.0,4.67
475,HAT-P-55 b,Confirmed,0.582,2.364,3.5852467,0.04604,0.139,,2015.0,2015-08-17,2456730.83468,1313.0,,,Primary Transit,,HAT-P-55,480.0,4.2
476,HAT-P-56 b,Confirmed,2.31,3.02,2.79083,0.0423,0.246,,2015.0,2021-02-05,2456553.61645,1840.0,,,Primary Transit,,HAT-P-56,323.5,2.01
477,HAT-P-57 b,Confirmed,1.85,2.826,2.465295,0.0406,0.0,,2015.0,2015-11-04,2455113.48127,2200.0,,,Primary Transit,,HAT-P-57,303.0,1.0
478,HAT-P-58 b,Confirmed,0.372,2.664,4.013837,0.04994,0.073,,2020.0,2020-07-15,2457369.0,1622.0,,,Primary Transit,,HAT-P-58,519.0,7.11
479,HAT-P-59 b,Confirmed,1.54,2.246,4.1419771,0.05064,0.03,,2020.0,2020-07-15,2458618.54088,1277.0,,,Primary Transit,,HAT-P-59,267.3,7.3
481,HAT-P-60 b,Confirmed,0.574,3.262,4.7947813,0.06277,0.25,,2020.0,2020-07-15,2458360.94029,1772.0,,,Primary Transit,,HAT-P-60,235.4,2.765
483,HAT-P-62 b,Confirmed,0.761,2.146,2.6453235,0.03772,0.1,,2020.0,2020-07-15,2457118.38979,1512.0,,,Primary Transit,,HAT-P-62,353.1,8.1
484,HAT-P-63 b,Confirmed,0.614,2.238,3.377728,0.04294,0.069,,2020.0,2020-07-15,1456382.94256,1237.0,,,Primary Transit,,HAT-P-63,408.0,9.0
486,HAT-P-65 b,Confirmed,0.527,3.78,2.6054552,0.03951,0.3,,2016.0,2016-09-12,2456409.33263,1930.0,,,Primary Transit,,HAT-P-65,841.0,5.46
488,HAT-P-67 b,Confirmed,0.34,4.17,4.81010205,0.06505,0.24,,2017.0,2017-02-07,2455961.38467,1903.0,,,Primary Transit,,HAT-P-67,320.0,1.24
489,HAT-P-68 b,Confirmed,0.724,2.144,2.29840551,0.02996,0.041,,2020.0,2020-11-02,2456614.20355,1028.0,,,Primary Transit,,HAT-P-68,202.0,11.1
490,HAT-P-69 b,Confirmed,3.58,3.352,4.7869491,0.06555,0.0,,2019.0,2020-03-04,2458495.78861,1990.0,,,Primary Transit,,HAT-P-69,343.9,1.27
491,HAT-P-7 b,Confirmed,1.741,2.862,2.204735471,0.0379,0.0,0.000118,2008.0,2020-04-20,2454731.68039,2121.0,,,Primary Transit,"Al2O3, CaTiO3, TiO2",HAT-P-7,320.0,2.07
492,HAT-P-70 b,Confirmed,6.78,3.74,2.74432452,0.04739,0.0,,2019.0,2021-12-08,2458495.78861,2562.0,,,Primary Transit,"Ca, Cr, Fe I, H, Mg, Na, V",HAT-P-70,329.0,0.6
496,HATS-10 b,Confirmed,0.526,1.938,3.312846,0.0449,0.5,,2015.0,2015-08-17,2456457.88193,1407.0,,,Primary Transit,,HATS-10,496.0,3.3
497,HATS-11 b,Confirmed,0.85,3.218,3.619188,0.0507,0.34,,2016.0,2021-02-05,2456574.9657,1596.0,,,Primary Transit,,HATS-11,967.34,7.7
498,HATS-12 b,Confirmed,2.38,1.384,3.142702,0.0441,0.085,,2016.0,2021-02-05,2456798.9556,1446.0,,,Primary Transit,,HATS-12,512.41,2.36
499,HATS-13 b,Confirmed,0.543,2.424,3.0440499,0.04057,0.18,,2015.0,2022-10-31,2456340.31705,1244.0,,,Primary Transit,,HATS-13,476.0,2.5
503,HATS-17 b,Confirmed,1.338,1.554,16.254611,0.1308,0.029,,2016.0,2016-05-06,2457139.1672,814.0,,,Primary Transit,,HATS-17,339.0,2.1
504,HATS-18 b,Confirmed,1.98,2.674,0.8378434,0.01761,0.166,,2016.0,2016-06-06,2457089.90598,2060.0,,,Primary Transit,,HATS-18,645.0,4.2
505,HATS-19 b,Confirmed,0.427,3.32,4.569673,0.0589,0.3,,2016.0,2016-07-11,2456660.0,1570.0,,,Primary Transit,,HATS-19,780.0,3.94
507,HATS-20 b,Confirmed,0.273,1.552,3.7992969,0.04619,0.5,,2016.0,2016-07-11,2457121.16516,1147.0,,,Primary Transit,,HATS-20,454.0,6.4
508,HATS-21 b,Confirmed,0.332,2.246,3.5543973,0.04676,0.0,,2016.0,2016-07-28,2457109.22538,1284.0,,,Primary Transit,,HATS-21,286.0,2.3
509,HATS-22 b,Confirmed,2.74,1.906,4.7228124,0.05025,0.079,,2016.0,2016-07-11,2457070.5803,858.0,,,Primary Transit,,HATS-22,207.9,4.6
510,HATS-23 b,Confirmed,1.47,3.72,2.1605156,0.03397,0.114,,2015.0,2016-07-11,2457072.85266,1654.0,,,Primary Transit,,HATS-23,747.0,4.2
511,HATS-24 b,Confirmed,2.44,2.974,1.3484954,0.02547,0.24,,2016.0,2016-07-11,2457038.47327,2067.0,,,Primary Transit,,HATS-24,510.0,0.88
519,HATS-31 b,Confirmed,0.88,3.28,3.37796,0.0478,0.233,,2016.0,2016-07-11,2456960.1476,1823.0,,,Primary Transit,,HATS-31,872.0,4.3
520,HATS-32 b,Confirmed,0.92,2.498,2.8126548,0.04024,0.471,,2016.0,2016-07-11,2456454.6252,1437.0,,,Primary Transit,,HATS-32,839.0,3.5
521,HATS-33 b,Confirmed,1.192,2.46,2.5495551,0.03727,0.08,,2016.0,2016-07-11,2456497.23181,1429.0,,,Primary Transit,,HATS-33,355.0,3.0
522,HATS-34 b,Confirmed,0.941,2.86,2.1061607,0.03166,0.0,,2016.0,2022-10-31,2456634.85732,1445.0,,,Primary Transit,,HATS-34,532.0,7.7
523,HATS-35 b,Confirmed,1.222,2.928,1.8209933,0.03199,0.0,,2016.0,2016-07-11,2456981.80199,2037.0,,,Primary Transit,,HATS-35,557.0,2.13
525,HATS-37A b,Confirmed,0.099,1.212,4.3315366,0.04913,0.345,,2020.0,2020-07-15,2458006.0,1085.0,,,Primary Transit,,HATS-37A,211.1,11.46
526,HATS-38 b,Confirmed,0.074,1.228,4.375021,0.05036,0.122,,2020.0,2020-07-15,2457725.16042,1294.0,,,Primary Transit,,HATS-38,347.7,11.89
527,HATS-39 b,Confirmed,0.63,3.14,4.5776348,0.06,0.275,,2018.0,2018-05-14,2457315.28338,1645.0,,,Primary Transit,,HATS-39,773.0,2.06
528,HATS-4 b,Confirmed,1.323,2.04,2.516729,0.0362,0.013,,2014.0,2014-05-21,2455808.34095,1315.0,,,Primary Transit,,HATS-4,420.0,2.1
529,HATS-40 b,Confirmed,1.59,3.16,3.2642736,0.04997,0.312,,2018.0,2018-04-16,2456962.676,2100.0,,,Primary Transit,,HATS-40,1431.0,2.07
530,HATS-41 b,Confirmed,9.7,2.66,4.193649,0.0583,0.38,,2018.0,2018-04-16,2456795.724,1710.0,,,Primary Transit,,HATS-41,800.0,1.34
531,HATS-42 b,Confirmed,1.88,2.8,2.292102,0.03689,0.229,,2018.0,2018-04-16,2456768.60734,1856.0,,,Primary Transit,,HATS-42,942.0,3.26
536,HATS-47 b,Confirmed,0.369,2.234,3.9228038,0.04269,0.088,,2020.0,2020-02-17,2457365.35804,852.9,,,Primary Transit,,HATS-47,301.7,8.1
537,HATS-48A b,Confirmed,0.243,1.6,3.1316666,0.03769,0.162,,2020.0,2020-02-17,2457100.55022,954.6,,,Primary Transit,,HATS-48A,265.4,11.97
538,HATS-49 b,Confirmed,0.353,1.53,4.1480467,0.04515,0.071,,2020.0,2020-02-17,2457105.1648,834.8,,,Primary Transit,,HATS-49,324.6,10.5
540,HATS-50 b,Confirmed,0.39,2.26,3.8297015,0.05046,0.516,,2017.0,2017-12-15,2456870.34792,1348.0,,,Primary Transit,,HATS-50,717.0,1.2
541,HATS-51 b,Confirmed,0.768,2.82,3.3488702,0.04639,0.33,,2017.0,2017-12-15,2457042.00405,1553.0,,,Primary Transit,,HATS-51,478.0,4.74
542,HATS-52 b,Confirmed,2.24,2.764,1.3665436,0.02498,0.246,,2017.0,2017-12-15,2456929.03039,1834.0,,,Primary Transit,,HATS-52,631.0,1.2
543,HATS-53 b,Confirmed,0.595,2.68,3.8537768,0.04753,0.33,,2017.0,2017-12-15,2457236.75653,1312.0,,,Primary Transit,,HATS-53,613.0,8.0
544,HATS-54 b,Confirmed,0.753,2.03,2.5441765,0.037,0.126,,2018.0,2022-11-03,2457780.01023,1420.0,,,Primary Transit,,HATS-54,720.0,7.96
546,HATS-56 b,Confirmed,0.602,3.376,4.324799,0.06043,0.019,,2018.0,2018-12-20,2457788.0029,1902.0,,,Primary Transit,,HATS-56,577.1,1.894
549,HATS-59 b,Confirmed,0.806,2.252,5.416081,0.06112,0.129,,2018.0,2018-05-16,2456620.66527,1128.0,,,Primary Transit,,HATS-59,654.0,4.3
552,HATS-60 b,Confirmed,0.662,2.306,3.560829,0.04708,0.191,,2018.0,2021-03-29,2458015.72358,1528.0,,,Primary Transit,,HATS-60,494.7,7.53
553,HATS-61 b,Confirmed,3.4,2.39,7.817953,0.07908,0.092,,2018.0,2021-03-29,2457673.0611,1226.0,,,Primary Transit,,HATS-61,694.2,8.93
554,HATS-62 b,Confirmed,0.179,2.11,3.2768837,0.04163,0.298,,2018.0,2021-03-29,2455808.05158,1237.0,,,Primary Transit,,HATS-62,515.9,8.0
555,HATS-63 b,Confirmed,0.96,2.414,3.0566527,0.04026,0.136,,2018.0,2021-03-29,2457659.93755,1398.0,,,Primary Transit,,HATS-63,634.4,10.4
556,HATS-64 b,Confirmed,0.96,3.358,4.908897,0.06562,0.151,,2018.0,2021-03-29,2457769.82287,1793.0,,,Primary Transit,,HATS-64,1087.0,1.86
557,HATS-65 b,Confirmed,0.821,3.002,3.105161,0.04497,0.062,,2018.0,2021-03-29,2457520.9613,1634.0,,,Primary Transit,,HATS-65,491.0,1.42
558,HATS-66 b,Confirmed,5.33,2.822,3.1414391,0.04714,0.064,,2018.0,2021-03-29,2457603.0514,1998.0,,,Primary Transit,,HATS-66,1542.0,2.29
560,HATS-68 b,Confirmed,1.29,2.4642,3.5862202,0.05071,0.036,,2018.0,2021-07-06,2457410.4086,1741.0,,,Primary Transit,,HATS-68,619.0,3.14
561,HATS-69 b,Confirmed,0.577,1.89,2.2252577,0.03211,0.519,,2018.0,2021-03-29,2457755.3939,1295.7,,,Primary Transit,,HATS-69,420.3,8.0
565,HATS-72 b,Confirmed,0.1254,1.4448,7.3279474,0.066517,0.013,,2020.0,2020-02-17,2458087.64782,739.3,,,Primary Transit,,HATS-72,127.66,12.17
566,HATS-74A b,Confirmed,1.46,2.064,1.73185606,0.02384,0.044,,2021.0,2021-12-06,2458392.02654,895.0,,,Primary Transit,,HATS-74A,286.6,11.0
567,HATS-75 b,Confirmed,0.491,1.768,2.7886556,0.032742,0.064,,2021.0,2021-12-15,2458611.05487,772.0,,,Primary Transit,,HATS-75,195.3,14.9
568,HATS-76 b,Confirmed,2.629,2.158,1.9416423,0.02658,0.062,,2021.0,2021-12-06,2458424.55556,940.0,,,Primary Transit,,HATS-76,390.0,4.6
569,HATS-77 b,Confirmed,1.374,2.33,3.0876262,0.03607,0.045,,2021.0,2021-12-06,2459136.69378,828.0,,,Primary Transit,,HATS-77,414.0,12.1
570,HATS-8 b,Confirmed,0.138,1.746,3.583893,0.04667,0.38,,2015.0,2015-06-04,2456672.1102,1324.0,,,Primary Transit,,HATS-8,829.0,5.1
571,HATS-9 b,Confirmed,0.839,2.472,1.915291,0.0312,0.129,,2015.0,2021-02-05,2456124.25896,1746.0,,,Primary Transit,,HATS-9,654.36,10.8
601,HD 106315 b,Confirmed,0.03964,0.436,9.55237,0.0907,0.093,,2017.0,2021-02-05,2457586.5479,1153.0,,,Primary Transit,,HD 106315,109.0,4.48
602,HD 106315 c,Confirmed,0.04782,0.776,21.05704,0.1536,0.22,,2017.0,2021-02-05,2457569.0178,886.0,,,Primary Transit,,HD 106315,109.0,4.48
628,HD 110113 b,Confirmed,0.01432,0.3658,2.541,0.035,0.093,,2021.0,2022-06-07,2458570.101,1371.0,,,Primary Transit,,HD 110113,106.3,
655,HD 118203 b,Confirmed,2.173,2.266,6.13498,0.07082,0.316,0.00079,2005.0,2019-11-14,2458712.66156,1496.0,,,Radial Velocity,,HD 118203,88.6,4.6
699,HD 136352 b,Confirmed,0.01472,0.29316,11.577794,0.0963,0.079,0.006304,2011.0,2023-02-06,2458944.37064,911.0,,,Radial Velocity,,HD 136352,14.8,
700,HD 136352 c,Confirmed,0.0353,0.50978,27.592076,0.1717,0.037,0.01125,2011.0,2023-02-06,2458954.40942,682.0,,,Radial Velocity,,HD 136352,14.8,
701,HD 136352 d,Confirmed,0.02725,0.44732,107.1363,0.424,0.075,0.02777,2011.0,2023-02-06,2459331.18761,433.0,,,Radial Velocity,,HD 136352,14.8,
706,HD 137496 b,Confirmed,0.01271,0.2338,1.62116,0.02732,0.0,,2021.0,2021-11-30,2458039.1317,2130.0,,,Primary Transit,,HD 137496,,
715,HD 1397 b,Confirmed,0.415,2.052,11.53533,0.1097,0.251,,2018.0,2021-03-26,2458332.08261,1228.3,,,Primary Transit,,HD 1397,79.31,4.52
874,HD 191939 b,Confirmed,0.0327,0.6048,8.88029,0.078,0.0,,2020.0,2023-06-02,2458715.3561,893.0,,,Primary Transit,,HD 191939,53.608,7.0
875,HD 191939 c,Confirmed,0.0227,0.5496,28.5805,0.17,0.0,,2020.0,2023-06-02,2458726.0534,605.0,,,Primary Transit,,HD 191939,53.608,7.0
876,HD 191939 d,Confirmed,0.0182,0.5424,38.3525,0.207,0.0,,2020.0,2023-06-02,2458743.5518,549.0,,,Primary Transit,,HD 191939,53.608,7.0
897,HD 202772 A b,Confirmed,1.008,3.124,3.30896,0.0519,0.047,,2018.0,2018-10-05,2458330.33,2132.0,,,Primary Transit,,HD 202772 A,147.2,1.8
899,HD 20329 b,Confirmed,0.02335,0.3068,0.926118,0.018,0.0,,2022.0,2022-11-07,2459472.14321,2000.0,,,Primary Transit,,HD 20329,63.38,11.0
913,HD 207496 b,Confirmed,0.0192,0.4014,6.441008,0.0629,0.23,,2023.0,2023-03-08,2458658.78978,743.0,,,Primary Transit,,HD 207496,23.6382,0.52
942,HD 213885 b,Confirmed,0.02778,0.31136,1.008035,0.02012,0.0,,2019.0,2019-03-25,2458379.97043,2128.0,,,Primary Transit,,HD 213885,57.97,3.8
977,HD 219666 b,Confirmed,0.0522,0.8404,6.03607,0.06356,0.0,,2018.0,2023-01-20,2458329.1996,1073.0,,,Primary Transit,,HD 219666,94.4,10.0
997,HD 22946 b,Confirmed,0.00821,0.24302,4.040295,0.05727,0.126,,2022.0,2023-06-15,2458385.7321,1241.0,,,Primary Transit,,HD 22946,62.87,5.0
998,HD 22946 c,Confirmed,0.0208,0.41538,9.573083,0.1017,0.16,,2022.0,2023-06-15,2459161.60861,931.0,,,Primary Transit,,HD 22946,62.87,5.0
1005,HD 23472 b,Confirmed,0.02618,0.33402,17.667087,0.1162,0.072,,2018.0,2022-10-15,2458360.6641,543.0,,,Primary Transit,,HD 23472,39.1,
1006,HD 23472 c,Confirmed,0.01073,0.3336,29.79749,0.1646,0.063,,2018.0,2022-10-15,2458370.1037,467.0,,,Primary Transit,,HD 23472,39.1,
1007,HD 23472 d,Confirmed,0.00173,0.1338,3.97664,0.04298,0.07,,2019.0,2022-10-15,2458357.3898,909.0,,,Primary Transit,,HD 23472,39.1,
1009,HD 23472 f,Confirmed,0.00242,0.20288,12.1621839,,0.07,,2019.0,2022-10-15,2458360.0754,630.0,,,Primary Transit,,HD 23472,39.1,
1023,HD 260655 b,Confirmed,0.00673,0.2212,2.76953,0.02933,0.039,,2022.0,2022-04-22,2459497.9102,709.0,,,Primary Transit,,HD 260655,9.9976,5.0
1024,HD 260655 c,Confirmed,0.00972,0.27354,5.70588,0.04749,0.038,,2022.0,2022-04-22,2459490.3646,557.0,,,Primary Transit,,HD 260655,9.9976,5.0
1027,HD 2685 b,Confirmed,1.18,2.88,4.12692,0.0568,0.0,,2018.0,2018-11-30,2458325.7829,2061.0,,,Primary Transit,,HD 2685,197.98,1.3
1060,HD 3167 c,Confirmed,0.0308,0.51,29.83832,0.1841,0.267,,2016.0,2022-03-09,2457394.9788,531.0,,,Primary Transit,,HD 3167,47.36,5.0
1152,HD 5278 b,Confirmed,0.0245,0.4372,14.33902,0.12,0.08,,2021.0,2021-02-19,2458680.69932,943.0,,,Primary Transit,,HD 5278,56.12,3.0
1174,HD 63935 b,Confirmed,0.034,0.5336,9.058811,,0.0,,2021.0,2021-10-14,1458494.4462,911.0,,,Primary Transit,,HD 63935,48.8,
1175,HD 63935 c,Confirmed,0.0349,0.518,21.4023,,0.0,,2021.0,2021-10-14,2459231.828,684.0,,,Primary Transit,,HD 63935,48.8,
1204,HD 73583 b,Confirmed,0.0321,0.4978,6.398042,0.0604,0.105,,2021.0,2022-07-29,2458517.6901,721.0,,,Primary Transit,,HD 73583,31.6,0.75
1205,HD 73583 c,Confirmed,0.0302,0.4872,18.8805,0.1233,0.093,,2021.0,2021-12-29,2459232.1685,503.0,,,Primary Transit,,HD 73583,31.6,0.75
1254,HD 89345 b,Confirmed,0.1123,1.224,11.81399,0.105,0.203,,2018.0,2018-08-17,2457913.80316,1053.0,,,Primary Transit,,HD 89345,126.6,9.4
1278,HD 95338 b,Confirmed,0.12406,0.7102,55.086,0.231,0.199,,2020.0,2020-03-27,2458585.2795,402.0,,,Primary Transit,,HD 95338,36.9,5.08
1290,HD 97658 b,Confirmed,0.02457,0.40094,9.489295,0.08,0.03,0.003777,2010.0,2020-04-09,2456523.1254,809.0,,,Primary Transit,"C, O",HD 97658,21.1,
1309,HIP 116454 b,Confirmed,0.0372,0.452,9.1265,0.098,0.205,,2014.0,2015-06-14,2456907.89,690.0,,,Primary Transit,,HIP 116454,55.2,
1329,HIP 41378 f,Confirmed,0.038,1.642,542.07975,1.37,0.004,,2016.0,2023-03-28,2457186.91451,335.0,,,Primary Transit,,HIP 41378,116.0,
1351,HIP 65A b,Confirmed,3.213,4.06,0.9809734,0.01782,0.0,,2020.0,2020-03-13,2458326.10418,1411.0,,,Primary Transit,,HIP 65A,61.89,4.1
1352,HIP 67522 b,Confirmed,5.0,1.7968,6.959503,,0.059,,2020.0,2021-09-10,2458604.02371,1174.0,,,Primary Transit,,HIP 67522,127.27,0.017
1382,HIP 94235 b,Confirmed,1.192,0.5724,7.712121,0.0787,0.32,,2022.0,2022-09-28,2459037.8704,1060.0,,,Primary Transit,,HIP 94235,58.61,0.1
1384,HIP 97166 b,Confirmed,0.063,0.4888,10.28891,0.089,0.16,,2021.0,2021-10-13,2458691.6486,757.0,,,Primary Transit,,HIP 97166,66.08,3.33
1419,K2-106 b,Confirmed,0.0263,0.324,0.571331,0.0134,0.0,,2016.0,2021-12-01,2457394.0114,2119.0,,,Primary Transit,,EPIC 220674823,246.1,5.0
1420,K2-106 c,Confirmed,0.018,0.488,13.339079,0.1091,0.18,,2016.0,2021-12-01,2457405.73156,741.0,,,Primary Transit,,EPIC 220674823,246.1,5.0
1422,K2-108 b,Confirmed,0.187,0.952,4.733999,0.0581,0.18,,2017.0,2021-02-05,2457145.0965,1360.0,,,Primary Transit,,K2-108,484.99,7.8
1424,K2-110 b,Confirmed,0.0525,0.456,13.86387,0.1027,0.079,,2017.0,2021-02-05,2457275.32992,575.0,,,Primary Transit,,K2-110,116.84,8.0
1425,K2-111 b,Confirmed,0.01664,0.324,5.3518,0.057,0.13,,2017.0,2021-02-05,2457067.9704,1309.0,,,Primary Transit,,K2-111,201.7,12.3
1427,K2-113 b,Confirmed,1.28,2.166,5.817685,0.0642,0.0,,2017.0,2021-02-05,2457392.88588,1098.0,,,Primary Transit,,K2-113,649.75,5.9
1428,K2-114 b,Confirmed,1.85,1.904,11.391013,0.0954,0.0,,2017.0,2021-02-05,2457174.49729,661.0,,,Primary Transit,,K2-114,484.8,9.9
1439,K2-124 b,Confirmed,0.033,0.518,6.413651,0.049,0.08,,2017.0,2021-02-05,2457142.18106,442.0,,,Primary Transit,,K2-124,140.4,
1455,K2-137 b,Confirmed,0.5,0.158,0.179715,0.0058,0.0,,2017.0,2021-02-05,2457583.0242,1471.0,,,Primary Transit,,K2-137,99.15,
1456,K2-138 b,Confirmed,0.0098,0.28,2.35322,0.0338,0.403,,2017.0,2021-03-26,2457773.31683,1308.0,,,Primary Transit,,K2-138,183.0,
1457,K2-138 c,Confirmed,0.0198,0.45,3.55987,0.04454,0.296,,2017.0,2021-03-26,2457740.32182,1140.0,,,Primary Transit,,K2-138,183.0,
1458,K2-138 d,Confirmed,0.0249,0.474,5.40478,0.05883,0.348,,2017.0,2021-03-26,2457743.1607,992.0,,,Primary Transit,,K2-138,183.0,
1459,K2-138 e,Confirmed,0.0409,0.588,8.26144,0.07807,0.315,,2017.0,2021-03-26,2457740.64558,861.0,,,Primary Transit,,K2-138,183.0,
1460,K2-138 f,Confirmed,0.005,0.502,12.75759,0.1043,0.364,,2017.0,2021-03-26,2457738.70235,745.0,,,Primary Transit,,K2-138,183.0,
1461,K2-138 g,Confirmed,0.0135,0.5376,41.96797,0.231,0.059,,2018.0,2019-10-01,2457773.86156,518.0,,,Primary Transit,,K2-138,183.0,
1462,K2-139 b,Confirmed,0.381,1.626,28.380619,0.1796,0.0,,2017.0,2021-02-05,2457325.81705,524.0,,,Primary Transit,,K2-139,154.6,1.8
1464,K2-140 b,Confirmed,0.93,2.186,6.56918,0.0687,0.12,,2017.0,2021-02-05,2457588.28509,957.0,,,Primary Transit,,K2-140,341.6,9.8
1465,K2-141 b,Confirmed,0.01598,0.27,0.2803244,,0.0,,2018.0,2021-02-05,2457744.0716,2039.0,,,Primary Transit,,K2-141 ,61.0,6.3
1518,K2-18 b,Confirmed,0.02807,0.422,32.939623,0.1429,0.2,,2015.0,2021-02-05,2457264.39144,284.0,,,Primary Transit,"CH4, H2O, NH3",K2-18,38.07,
1522,K2-182 b,Confirmed,0.063,0.48,4.7369683,0.0526,0.04,,2018.0,2021-10-15,2457719.11517,969.0,,,Primary Transit,,K2-182,155.9,
1553,K2-199 b,Confirmed,0.0217,0.3086,3.2253993,0.0382,0.02,,2018.0,2021-10-15,2457218.73773,913.0,,,Primary Transit,,K2-199,107.97,
1554,K2-199 c,Confirmed,0.039,0.5086,7.3744897,0.0662,0.03,,2018.0,2021-10-15,2457222.93034,694.0,,,Primary Transit,,K2-199,107.97,
1575,K2-216 b,Confirmed,0.02517,0.312,2.1748,0.028,0.0,,2018.0,2021-02-05,2457394.04186,1103.0,,,Primary Transit,,K2-216,115.84,
1584,K2-222 b,Confirmed,0.025,0.4194,15.3885,0.1211,0.16,,2018.0,2021-11-05,2457399.0594,878.0,,,Primary Transit,,K2-222,101.59,
1598,K2-232 b,Confirmed,0.398,2.0,11.168454,0.10356,0.258,,2018.0,2021-05-28,2457825.34978,1030.0,,,Primary Transit,,K2-232,131.21,1.43
1599,K2-233 b,Confirmed,0.0104,0.25,2.46746,0.03317,0.0,,2018.0,2021-02-05,2457991.69112,1040.0,,,Primary Transit,,K2-233,67.64,0.36
1601,K2-233 d,Confirmed,0.0261,0.472,24.3662,0.1527,0.0,,2018.0,2021-02-05,2458005.58237,482.0,,,Primary Transit,,K2-233,67.64,0.36
1602,K2-237 b,Confirmed,1.236,3.284,2.1805577,0.0353,0.0,,2018.0,2021-02-05,2457684.8101,1838.0,,,Primary Transit,,K2-237,309.5,
1603,K2-238 b,Confirmed,0.86,2.6,3.20466,0.046,0.0,,2018.0,2021-02-05,2457740.5036,1587.0,,,Primary Transit,,K2-238,453.0,5.63
1607,K2-24 b,Confirmed,0.05978,0.964,20.88977,0.154,0.06,,2016.0,2021-02-05,2450965.7948,709.0,,,Primary Transit,,K2-24,171.39,5.0
1608,K2-24 c,Confirmed,0.04845,1.338,42.3391,0.247,0.07,,2016.0,2021-02-05,2456915.6251,560.0,,,Primary Transit,,K2-24,171.39,5.0
1622,K2-25 b,Confirmed,0.0771,0.612,3.484552,,0.27,,2015.0,2021-02-05,2457062.57965,345.7,,,Primary Transit,,K2-25,45.01,
1635,K2-260 b,Confirmed,1.42,3.104,2.6266657,0.0404,0.0,,2018.0,2021-02-05,2457820.73813,1957.0,,,Primary Transit,,K2-260,676.32,1.9
1636,K2-261 b,Confirmed,0.223,1.7,11.63344,0.102,0.39,,2018.0,2021-02-05,2457906.84084,1080.0,,,Primary Transit,,K2-261,214.58,8.8
1642,K2-266 c,Confirmed,0.00091,0.126,7.814,0.0679,0.042,,2018.0,2021-02-05,2457946.6511,665.0,,,Primary Transit,,K2-266,77.16,8.4
1643,K2-266 d,Confirmed,0.028,0.522,14.697,0.1035,0.047,,2018.0,2021-02-05,2457944.8393,538.0,,,Primary Transit,,K2-266,77.16,8.4
1644,K2-266 e,Confirmed,0.04499,0.488,19.482,0.1249,0.043,,2018.0,2021-02-05,2457938.541,490.0,,,Primary Transit,,K2-266,77.16,8.4
1651,K2-27 b,Confirmed,0.09722,0.8,6.771315,0.06702,0.251,,2016.0,2021-02-05,2456812.8451,902.0,,,Primary Transit,,K2-27,251.43,10.3
1665,K2-280 b,Confirmed,0.1167,1.368,19.895202,0.1488,0.35,,2018.0,2021-02-05,2457307.58114,744.0,,,Primary Transit,,K2-280,396.9,8.96
1671,K2-285 b,Confirmed,0.03046,0.462,3.471745,0.03817,0.0,,2018.0,2021-02-05,2457743.37545,1089.0,,,Primary Transit,,K2-285,155.65,
1672,K2-285 c,Confirmed,0.04933,0.63,7.138048,0.0824,0.0,,2018.0,2021-02-05,2457744.53906,741.0,,,Primary Transit,,K2-285,155.65,
1673,K2-285 d,Confirmed,0.02045,0.442,10.45582,0.1178,0.0,,2018.0,2021-02-05,2457745.201,620.0,,,Primary Transit,,K2-285,155.65,
1674,K2-285 e,Confirmed,0.03367,0.348,14.76289,0.18041,0.0,,2018.0,2021-02-05,2457741.8969,501.0,,,Primary Transit,,K2-285,155.65,
1676,K2-287 b,Confirmed,0.315,1.694,14.893291,0.1206,0.478,,2018.0,2021-02-05,2458001.72138,804.0,,,Primary Transit,,K2-287,159.05,4.5
1679,K2-29 b,Confirmed,0.73,2.38,3.2588321,0.04217,0.066,,2016.0,2021-02-05,2453219.0095,1171.0,,,Primary Transit,,K2-29,179.39,2.6
1680,K2-290 b,Confirmed,0.0343,0.546,9.21165,0.0923,0.0,,2019.0,2021-02-16,2457994.7725,1230.0,,,Primary Transit,,K2-290,274.99,4.0
1681,K2-290 c,Confirmed,0.774,2.012,48.36685,0.305,0.0,,2019.0,2021-02-16,2458019.17333,676.0,,,Primary Transit,,K2-290,274.99,4.0
1683,K2-292 b,Confirmed,0.07709,0.47,16.9841,0.13,0.04,,2019.0,2021-02-05,2458180.2842,795.0,,,Primary Transit,,K2-292,114.29,6.8
1686,K2-295 b,Confirmed,0.335,1.794,4.024867,0.0451,0.0,,2018.0,2021-02-05,2457395.4140458,852.0,,,Primary Transit,,K2-295,225.7,
1687,K2-3 b,Confirmed,0.02039,0.388,10.054626,0.0775,0.0,,2015.0,2022-07-27,2455813.4189,463.0,,,Primary Transit,H2O,K2-3,45.0,1.0
1688,K2-3 c,Confirmed,0.00673,0.33,24.646582,0.1405,0.0,,2015.0,2022-07-27,2456812.28018,344.0,,,Primary Transit,H2O,K2-3,45.0,1.0
1689,K2-3 d,Confirmed,0.00881,0.27,44.55646,0.2086,0.0,,2015.0,2022-07-27,2456826.22346,282.0,,,Primary Transit,H2O,K2-3,45.0,1.0
1690,K2-30 b,Confirmed,0.579,2.078,4.098503,0.04839,0.0,,2016.0,2021-02-05,2457063.8071,1092.0,,,Primary Transit,,K2-30,336.26,3.9
1695,K2-314 b,Confirmed,0.02753,0.348,3.5951,0.047,0.06,,2020.0,2021-12-01,2457994.396,1616.0,,,Primary Transit,,EPIC 249893012,324.7,9.0
1696,K2-314 c,Confirmed,0.04616,0.6548,15.624,0.13,0.07,,2020.0,2021-12-01,2457997.841,990.0,,,Primary Transit,,EPIC 249893012,324.7,9.0
1697,K2-314 d,Confirmed,0.03203,0.703,35.747,0.22,0.15,,2020.0,2021-12-01,2458008.652,752.0,,,Primary Transit,,EPIC 249893012,324.7,9.0
1704,K2-32 b,Confirmed,0.047,0.886,8.991828,0.08035,0.03,,2016.0,2021-02-05,2456900.92676,837.0,,,Primary Transit,,K2-32,158.39,
1705,K2-32 c,Confirmed,0.0255,0.488,20.66186,0.1399,0.049,,2016.0,2021-02-05,2456899.42344,634.0,,,Primary Transit,,K2-32,158.39,
1706,K2-32 d,Confirmed,0.0211,0.584,31.7142,0.1862,0.05,,2016.0,2021-02-05,2456903.78707,550.0,,,Primary Transit,,K2-32,158.39,
1707,K2-32 e,Confirmed,0.0066,0.18,4.34882,0.04951,0.043,,2019.0,2021-02-05,2456898.97863,1066.0,,,Primary Transit,,K2-32,158.39,
1716,K2-34 b,Confirmed,1.78,2.49,2.995633,0.0426,0.0,,2016.0,2021-02-05,2457141.35132,1559.0,,,Primary Transit,,K2-34,352.34,
1722,K2-36 b,Confirmed,0.01227,0.256,1.422614,0.0223,0.0,,2016.0,2021-02-05,2456809.4684,1224.0,,,Primary Transit,,K2-36,110.09,1.4
1723,K2-36 c,Confirmed,0.02454,0.5566,5.3410507,0.054,0.0,,2016.0,2021-08-23,2456812.8422,788.0,,,Primary Transit,,K2-36,110.09,1.4
1730,K2-38 b,Confirmed,0.06,0.34,4.01593,0.04994,0.197,,2016.0,2021-02-05,2456896.8786,1266.0,,,Primary Transit,,K2-38,193.71,
1731,K2-38 c,Confirmed,0.03115,0.432,10.56103,0.0964,0.161,,2016.0,2021-02-05,2456900.4752,858.0,,,Primary Transit,,K2-38,193.71,
1748,K2-415 b,Confirmed,0.009,0.1811,4.0179694,0.027,0.03,,2023.0,2023-02-06,2458100.07116,400.0,,,Primary Transit,,K2-415,21.8043,
1765,K2-55 b,Confirmed,0.138,0.682,2.849258,0.03486,0.124,,2016.0,2021-02-05,2456983.4229,900.0,,,Primary Transit,,K2-55,160.26,
1773,K2-60 b,Confirmed,0.426,1.366,3.00265,0.045,0.0,,2016.0,2021-02-05,2456928.0593,1400.0,,,Primary Transit,,K2-60,498.7,10.0
1816,K2-95 b,Confirmed,1.67,0.692,10.134016,0.0696,0.16,,2016.0,2021-02-05,2457282.6279,383.0,,,Primary Transit,,K2-95,180.63,0.8
1819,K2-99 b,Confirmed,0.87,2.092,18.24783,0.153,0.22,,2016.0,2021-12-03,2458162.7133,1184.0,,,Primary Transit,,K2-99,522.29,2.4
1821,KELT-1 b,Confirmed,27.23,2.3,1.217514,0.02472,0.01,,2012.0,2018-08-15,2455914.1628,2423.0,,,Primary Transit,,KELT-1,263.0,1.75
1823,KELT-11 b,Confirmed,0.195,2.6,4.736529,0.06229,0.0,,2016.0,2022-09-02,2457440.8323,1712.0,,,Primary Transit,"H2O, Na",KELT-11,98.0,
1828,KELT-18 b,Confirmed,1.18,3.14,2.8717518,0.0455,0.0,,2017.0,2017-02-07,2457591.3461,2120.0,,,Primary Transit,,KELT-18,311.0,1.9
1833,KELT-22A b,Confirmed,3.69,2.4,1.38665318,0.0248,0.0,,2018.0,2020-03-06,2457288.8585,1880.0,,,Primary Transit,,Kelt-22A,,5.0
1841,KELT-8 b,Confirmed,0.874,3.72,3.24406,0.04571,0.035,,2015.0,2018-12-17,2456883.4803,1675.0,,,Primary Transit,,KELT-8,236.0,5.4
1948,KOI-1257 b,Confirmed,1.45,1.88,86.647661,0.382,0.772,,2014.0,2021-02-05,2455006.79454,511.0,,,Primary Transit,,KOI-1257,900.0,9.3
1950,KOI-13 b,Confirmed,9.28,3.024,1.763588,0.03641,0.00064,,2011.0,2022-11-19,2455101.70725,2550.0,2750.0,,Primary Transit,,KOI-13,415.0,
1953,KOI-1599.01,Confirmed,0.01447,0.34,20.4415,0.14728,0.014,,2019.0,2021-02-05,2454973.949,755.0,,,Primary Transit,,KOI-1599,1168.99,
1954,KOI-1599.02,Confirmed,0.02832,0.34,13.6088,0.112293,0.0114,,2019.0,2021-02-05,2454952.73,660.0,,,Primary Transit,,KOI-1599,1168.99,
1960,KOI-3680 b,Confirmed,1.93,1.98,141.241671,0.534,0.496,,2018.0,2021-02-05,2455936.65434,347.0,,,Primary Transit,,KOI-3680,946.59,3.2
1963,KOI-4777,Confirmed,0.00107,0.091,0.412,0.008,0.0,,2017.0,2023-01-23,2454965.219,1180.0,,,Primary Transit,,KOI-4777,170.66,3.5
2008,KOI-984 b,Confirmed,0.0544,0.768,4.2881785,0.0504,0.12,,2017.0,2022-11-14,2454957.7837,1022.0,,,Primary Transit,,KOI-984,229.63,
2010,KPS-1 b,Confirmed,1.09,2.06,1.706291,0.0269,0.0,,2018.0,2018-04-17,2457508.37019,1459.0,,,Primary Transit,,KPS-1,,
2011,Kepler-10 b,Confirmed,0.0145,0.264,0.837491,0.0172,0.06,9.7e-05,2011.0,2021-02-05,2455034.08687,2130.0,,,Primary Transit,,Kepler-10,186.5,10.6
2012,Kepler-10 c,Confirmed,0.02319,0.4194,45.2946,0.241,0.05,0.001391,2011.0,2021-02-05,2455062.26648,584.0,,,Primary Transit,,Kepler-10,186.5,10.6
2081,Kepler-105 b,Confirmed,0.016,0.858,5.4122,0.066,0.47,,2013.0,2021-02-05,2454966.1424,1418.0,,,Primary Transit,,Kepler-105,465.33,
2109,Kepler-107 b,Confirmed,0.01104,0.274,3.1800218,0.04544,0.0,,2014.0,2021-02-05,2455701.08414,1593.0,,,Primary Transit,,Kepler-107,525.5,4.29
2110,Kepler-107 c,Confirmed,0.02954,0.284,4.901452,0.06064,0.0,,2014.0,2021-02-05,2455697.01829,1379.0,,,Primary Transit,,Kepler-107,525.5,4.29
2112,Kepler-107 e,Confirmed,0.02706,0.518,14.749143,0.12639,0.0,,2014.0,2021-02-05,2455694.4855,955.0,,,Primary Transit,,Kepler-107,525.5,4.29
2281,Kepler-12 b,Confirmed,0.432,3.508,4.4379629,0.0553,0.01,,2011.0,2021-02-05,2455004.00835,1480.0,,,Primary Transit,,Kepler-12,904.4,4.0
2673,Kepler-15 b,Confirmed,0.66,1.92,4.942782,0.05714,0.06,,2011.0,2021-02-05,2454969.32865,1225.0,,,Primary Transit,,Kepler-15,755.38,3.7
2695,Kepler-1514 b,Confirmed,5.28,2.216,217.83184,0.753,0.401,,2016.0,2021-02-05,2455071.81411,388.0,,,Primary Transit,,Kepler-1514,389.3,2.9
2878,Kepler-1654 b,Confirmed,0.5,1.638,1047.8356,2.026,0.26,,2018.0,2021-02-05,2455375.1341,206.0,,,Primary Transit,,Kepler-1654,577.6,5.0
2880,Kepler-1656 b,Confirmed,0.1504,0.896,31.562,0.1974,0.838,,2018.0,2022-04-04,2455011.47,651.0,,,Primary Transit,,Kepler-1656,186.88,6.31
2897,Kepler-167 d,Confirmed,0.006,0.214,21.803855,0.1405,0.12,,2016.0,2021-02-05,2455669.7934,536.0,,,Primary Transit,,Kepler-167,330.0,3.3
2898,Kepler-167 e,Confirmed,4.0,1.812,1071.23228,1.89,0.062,,2016.0,2022-11-04,2459538.2225,131.0,,,Primary Transit,"CH4, H2O, NH3",Kepler-167,330.0,3.3
2936,Kepler-17 b,Confirmed,2.45,2.62,1.4857108,0.02591,0.011,3.2e-05,2011.0,2021-02-05,2455185.67803,1570.0,,,Primary Transit,,Kepler-17,800.0,1.78
2942,Kepler-1705 b,Confirmed,0.01406,0.3622,9.03502,0.08,0.033,,2017.0,2021-10-25,2454972.923,789.0,,,Primary Transit,,Kepler-1705,,
2943,Kepler-1705 c,Confirmed,0.01705,0.3658,11.28,0.0416,0.028,,2017.0,2021-10-25,2454966.936,1095.0,,,Primary Transit,,Kepler-1705,,
3029,Kepler-20 b,Confirmed,0.03052,0.334,3.69611525,0.0463,0.03,0.000156,2011.0,2021-02-05,2454967.50201,1105.0,,,Primary Transit,,Kepler-20,284.88,7.6
3030,Kepler-20 c,Confirmed,0.04012,0.544,10.85409089,0.0949,0.16,0.000321,2011.0,2021-02-05,2454971.60795,772.0,,,Primary Transit,,Kepler-20,284.88,7.6
3031,Kepler-20 d,Confirmed,0.03168,0.49,77.61130017,0.3506,0.6,0.001191,2011.0,2021-02-05,2454997.7303,401.0,,,Primary Transit,,Kepler-20,284.88,7.6
3060,Kepler-21 b,Confirmed,0.01598,0.292,2.78578,0.042717,0.02,0.000394,2012.0,2021-02-05,2455093.83716,2025.0,,,Primary Transit,,Kepler-21,108.86,3.03
3086,Kepler-22 b,Confirmed,0.113,0.424,289.8623,0.849,0.0,0.004468,2011.0,2021-02-05,2454966.6983,262.0,,,Primary Transit,,Kepler-22,190.0,
3257,Kepler-278 b,Confirmed,0.176,0.726,30.160546,0.207,0.696,,2014.0,2021-02-05,2455695.3727,586.0,,,Primary Transit,,Kepler-278,448.65,
3258,Kepler-278 c,Confirmed,0.1098,0.64,51.078775,0.294,0.616,,2014.0,2021-02-05,2455700.4118,492.0,,,Primary Transit,,Kepler-278,448.65,
3559,Kepler-39 b,Confirmed,20.1,2.48,21.08721,0.164,0.112,,2011.0,2021-02-05,2454972.5959,897.0,,,Primary Transit,,Kepler-39,1090.44,2.1
3563,Kepler-391 c,Confirmed,1.416,0.632,20.485435,0.161,0.27,,2014.0,2021-02-05,2455696.9123,662.0,,,Primary Transit,,Kepler-391,891.53,
3582,Kepler-4 b,Confirmed,0.077,0.714,3.21346,0.0456,0.0,8.3e-05,2009.0,2021-02-05,2454956.6127,1650.0,,,Primary Transit,,Kepler-4,550.0,4.5
3583,Kepler-40 b,Confirmed,2.2,2.34,6.87349,0.08,0.0,3e-05,2010.0,2021-02-05,2455005.5198,1620.0,,,Primary Transit,,Kepler-40,2700.0,2.8
3606,Kepler-41 b,Confirmed,0.56,2.58,1.8555582,0.03101,0.0,4e-05,2011.0,2021-02-05,2454970.1803,1790.0,,,Primary Transit,,Kepler-41,1128.11,4.4
3610,Kepler-411 d,Confirmed,0.04782,0.592,58.02035,0.279,0.128,,2018.0,2021-02-05,2454984.8484,410.0,,,Primary Transit,,Kepler-411,153.59,0.212
3612,Kepler-412 b,Confirmed,0.941,2.682,1.7208604,0.02897,0.0038,,2014.0,2021-02-05,2454966.02103,1850.0,,,Primary Transit,,Kepler-412,1121.32,5.1
3630,Kepler-423 b,Confirmed,0.595,2.384,2.6843285,0.03585,0.019,,2014.0,2021-02-05,2454966.35481,1605.0,,,Primary Transit,,Kepler-423,725.0,11.0
3633,Kepler-425 b,Confirmed,0.25,1.956,3.79701816,0.0464,0.33,,2014.0,2021-02-05,2454966.50879,1070.0,,,Primary Transit,,Kepler-425,650.0,5.0
3634,Kepler-426 b,Confirmed,0.34,2.18,3.21751883,0.0414,0.18,,2014.0,2021-02-05,2454966.63196,1300.0,,,Primary Transit,,Kepler-426,880.0,6.0
3635,Kepler-427 b,Confirmed,0.29,2.46,10.290994,0.091,0.57,,2014.0,2021-02-05,2454970.02207,1100.0,,,Primary Transit,,Kepler-427,1100.0,7.0
3636,Kepler-428 b,Confirmed,1.27,2.16,3.52563254,0.0433,0.22,,2014.0,2021-02-05,2455003.04801,1070.0,,,Primary Transit,,Kepler-428,720.0,5.0
3637,Kepler-43 b,Confirmed,3.23,2.438,3.0240949,0.046,0.025,2.3e-05,2011.0,2021-02-05,2454965.4159,1620.0,,,Primary Transit,,Kepler-43,1035.9,2.8
3645,Kepler-433 b,Confirmed,2.82,2.9,5.33408384,0.0679,0.119,,2015.0,2021-02-05,2454964.98152,1776.0,,,Primary Transit,,Kepler-433,1870.0,2.67
3646,Kepler-434 b,Confirmed,2.86,2.26,12.8747099,0.1143,0.131,,2015.0,2021-02-05,2455003.02283,1000.0,,,Primary Transit,,Kepler-434,1240.0,4.0
3647,Kepler-435 b,Confirmed,0.84,3.98,8.6001536,0.0948,0.114,,2015.0,2021-02-05,2455010.64241,1729.0,,,Primary Transit,,Kepler-435,2070.0,2.25
3653,Kepler-44 b,Confirmed,1.0,2.18,3.2467293,0.0446,0.066,2e-05,2011.0,2021-02-05,2454966.3781,1544.0,,,Primary Transit,,Kepler-44,1229.15,5.8
3691,Kepler-46 b,Confirmed,6.0,1.616,33.60134,0.1968,0.01,0.00023,2012.0,2021-04-11,2455053.2826,543.0,,,Primary Transit,,Kepler-46,794.54,9.9
3747,Kepler-5 b,Confirmed,2.111,2.852,3.5484657,0.0538,0.0,,2009.0,2021-02-05,2454955.90122,1750.0,,,Primary Transit,,Kepler-5,923.41,
3759,Kepler-51 b,Confirmed,0.007,1.266,45.154,0.2514,0.04,,2012.0,2021-02-05,2454992.10435,543.0,,,Primary Transit,,Kepler-51,801.76,0.3
3760,Kepler-51 c,Confirmed,0.013,1.606,85.312,0.384,0.014,,2012.0,2021-02-05,2455128.32095,439.0,,,Primary Transit,,Kepler-51,801.76,0.3
3761,Kepler-51 d,Confirmed,0.024,1.73,130.194,0.509,0.008,,2014.0,2021-02-05,2455695.9323,381.0,,,Primary Transit,,Kepler-51,801.76,0.3
3799,Kepler-538 b,Confirmed,0.03335,0.396,81.73778,0.4669,0.041,,2016.0,2021-02-05,2455044.6789,380.0,,,Primary Transit,,Kepler-538,156.66,5.3
3885,Kepler-6 b,Confirmed,0.668,2.608,3.2346996,0.04852,0.0,,2009.0,2021-02-05,2454954.48636,1460.0,,,Primary Transit,,Kepler-6,597.14,3.8
3992,Kepler-68 b,Confirmed,0.02407,0.412,5.3988,0.0617,0.0,,2013.0,2021-02-05,2455006.85729,1280.0,,,Primary Transit,,Kepler-68,144.77,6.3
4016,Kepler-7 b,Confirmed,0.441,3.244,4.8854892,0.06067,0.1,,2009.0,2021-02-05,2454967.27599,1630.0,,,Primary Transit,,Kepler-7,947.46,3.5
4063,Kepler-74 b,Confirmed,0.63,1.92,7.340711,0.0781,0.0,,2013.0,2021-02-05,2454967.3453,1078.0,,,Primary Transit,,Kepler-74,1218.33,0.8
4073,Kepler-75 b,Confirmed,10.1,2.1,8.8849116,0.0818,0.57,,2013.0,2021-02-05,2455002.991,767.0,,,Primary Transit,,Kepler-75,855.5,6.2
4102,Kepler-77 b,Confirmed,0.43,1.92,3.57878087,0.04501,0.0,,2013.0,2021-02-05,2455095.865727,1440.0,,,Primary Transit,,Kepler-77,570.0,7.5
4141,Kepler-8 b,Confirmed,0.59,2.832,3.5224991,0.0474,0.0,3.6e-05,2010.0,2021-02-05,2454954.1182,1680.0,,,Primary Transit,,Kepler-8,1052.9,3.84
4172,Kepler-82 b,Confirmed,0.03823,0.726,26.44,0.1683,0.0033,,2012.0,2021-02-05,2455027.12502,581.0,,,Primary Transit,,Kepler-82,927.97,
4173,Kepler-82 c,Confirmed,0.04373,0.952,51.54,0.2626,0.007,,2012.0,2021-02-05,2455007.11378,464.0,,,Primary Transit,,Kepler-82,927.97,
4228,Kepler-86 b,Confirmed,0.34235,1.6932,282.5254,0.824,0.28,,2013.0,2019-10-09,2455761.12272,281.0,,,Primary Transit,,Kepler-86,,
4263,Kepler-89 b,Confirmed,0.033,0.306,3.743208,0.05119,0.25,,2013.0,2021-03-08,2454965.74047,1486.0,,,Primary Transit,,KOI-94,483.65,3.16
4264,Kepler-89 c,Confirmed,0.049,0.77,10.423648,0.1013,0.43,,2013.0,2021-03-08,2454971.00718,1012.0,,,Primary Transit,,KOI-94,483.65,3.16
4265,Kepler-89 d,Confirmed,0.334,2.01,22.342989,0.1684,0.022,,2013.0,2021-03-08,2454965.74047,806.0,,,Primary Transit,,KOI-94,483.65,3.16
4266,Kepler-89 e,Confirmed,0.11,1.17,54.32031,0.3046,0.019,,2013.0,2021-03-08,2454994.23998,584.0,,,Primary Transit,,KOI-94,483.65,3.16
4410,L 168-9 b,Confirmed,0.0145,0.248,1.4015,0.02091,0.21,,2020.0,2020-01-28,2458340.04781,816.0,,,Primary Transit,,L 168-9,25.15,
4412,L 98-59 b,Confirmed,0.0013,0.1516,2.2531136,0.02191,0.1,,2018.0,2022-10-19,2451365.204,627.0,,,Primary Transit,"CH4, H2, H2O",L 98-59,10.623,
4413,L 98-59 c,Confirmed,0.00698,0.24712,3.6906777,0.0304,0.103,,2018.0,2021-08-06,2451367.2751,553.0,,,Primary Transit,,L 98-59,10.623,
4414,L 98-59 d,Confirmed,0.0061,0.2714,7.4507245,0.0486,0.074,,2018.0,2021-08-06,2451362.7375,416.0,,,Primary Transit,,L 98-59,10.623,
4417,LHS 1140 b,Confirmed,0.02196,0.30814,24.736,0.0936,0.06,,2017.0,2022-03-02,2456915.6997,230.0,,,Primary Transit,,LHS 1140,12.47,5.0
4423,LHS 1815 b,Confirmed,0.0132,0.19414,3.81433,0.0404,0.0,,2020.0,2020-03-11,2458327.4161,617.0,,,Primary Transit,,LHS 1815,29.87,
4440,LTT 1445A b,Confirmed,0.00903,0.23286,5.3587657,0.03813,0.11,,2019.0,2022-10-22,2458412.70851,424.0,,,Primary Transit,,LTT 1445A,6.9,
4441,LTT 1445A c,Confirmed,0.00485,0.20466,3.1239035,0.0266,0.223,,2020.0,2022-10-22,2458412.58159,508.0,,,Primary Transit,,LTT 1445A,6.9,
4443,LTT 3780 b,Confirmed,0.00982,0.23766,0.7683881,0.012,0.064,,2020.0,2020-03-04,2458543.91281,892.0,,,Primary Transit,,LTT 3780,21.981,
4444,LTT 3780 c,Confirmed,0.0267,0.41,12.252048,0.077,0.115,,2020.0,2020-03-04,2458546.8492,353.0,,,Primary Transit,,LTT 3780,21.981,
4445,LTT 9779 b,Confirmed,0.09225,0.8422,0.7920641,0.01679,0.0,,2019.0,2023-06-26,2459043.310606,2000.0,,,Primary Transit,,LTT 9779,80.6,
4463,MASCARA-3 b,Confirmed,5.18,2.544,5.5514926,0.06971,0.085,,2019.0,2019-09-05,2457147.053,1458.0,,,Primary Transit,,HD 93148,96.79,0.77
4504,NGTS-1 b,Confirmed,0.812,2.66,2.647298,0.0326,0.016,,2017.0,2017-10-31,2457720.65939,790.0,,,Primary Transit,,NGTS-1,224.0,
4505,NGTS-10 b,Confirmed,2.162,2.41,0.7668944,0.0143,0.0,,,2019-09-30,2457518.84377,1332.0,,,Primary Transit,,NGTS-10,,10.4
4506,NGTS-11 b,Confirmed,0.37,1.646,35.455285,0.2,0.11,,2020.0,2022-02-08,2458390.7042,440.0,,,Primary Transit,,NGTS-11,191.5,3.9
4509,NGTS-13 b,Confirmed,4.84,2.284,4.119027,0.0549,0.086,,2021.0,2021-01-13,2458572.8247,1605.0,,,Primary Transit,,NGTS-13,657.0,4.23
4510,NGTS-14A b,Confirmed,0.092,0.88,3.5357173,0.0403,0.0,,2021.0,2021-01-12,2457502.5545,1143.0,,,Primary Transit,,NGTS-14A,325.1,5.9
4511,NGTS-15 b,Confirmed,0.751,2.2,3.27623,0.0441,0.0,,2021.0,2021-03-19,2458405.0558,1146.0,,,Primary Transit,,NGTS-15,791.0,3.28
4512,NGTS-16 b,Confirmed,0.667,2.6,4.84532,0.0523,0.0,,2021.0,2021-03-19,2458435.6054,1177.0,,,Primary Transit,,NGTS-16,892.0,10.29
4513,NGTS-17 b,Confirmed,0.764,2.48,3.24253,0.0391,0.0,,2021.0,2021-03-19,2458442.5219,1457.0,,,Primary Transit,,NGTS-17,1047.0,9.22
4514,NGTS-18 b,Confirmed,0.409,2.42,3.05125,0.0448,0.0,,2021.0,2021-03-19,2458564.4506,1381.0,,,Primary Transit,,NGTS-18,1108.0,10.84
4515,NGTS-2 b,Confirmed,0.67,3.072,4.5111204,0.0584,0.0,,2018.0,2018-11-28,2457501.99114,1638.0,,,Primary Transit,,NGTS-2,360.3,2.17
4516,NGTS-20 b,Confirmed,2.98,2.14,54.18915,0.313,0.432,,2022.0,2022-07-11,2458432.9798,688.0,,,Primary Transit,,NGTS-20,366.2,4.1
4517,NGTS-21 b,Confirmed,2.36,2.66,1.5433897,0.0236,0.0,,2022.0,2022-10-04,2458228.77853,1357.0,,,Primary Transit,,NGTS-21,641.0,10.0
4518,NGTS-23 b,Confirmed,0.613,2.534,4.076,0.0504,0.0,,2022.0,2022-11-03,2458431.77134,1327.0,,,Primary Transit,,NGTS-23,991.0,6.39
4519,NGTS-24 b,Confirmed,0.52,2.428,3.4678796,0.0479,0.0,,2022.0,2022-11-03,2458100.6229,1499.0,,,Primary Transit,,NGTS-24,723.0,4.77
4520,NGTS-25 b,Confirmed,0.639,2.046,2.823093,0.0388,0.0,,2022.0,2022-11-03,2458204.26373,1101.0,,,Primary Transit,,NGTS-25,517.0,3.49
4522,NGTS-4 b,Confirmed,0.0648,0.5674,1.3373508,0.019,0.0,,2018.0,2018-09-29,2457607.9975,1650.0,,,Primary Transit,,NGTS-4,282.6,
4523,NGTS-5 b,Confirmed,0.229,2.272,3.3569866,0.0382,0.0,,2019.0,2019-05-03,2457740.35262,952.0,,,Primary Transit,,NGTS-5,309.5,
4526,NGTS-8 b,Confirmed,0.93,2.18,2.4997,0.035,0.01,,2019.0,2019-11-11,2457500.1783,1345.0,,,Primary Transit,,NGTS-8,434.273,12.48
4527,NGTS-9 b,Confirmed,2.9,2.14,4.43527,0.058,0.06,,2019.0,2019-11-11,2457671.81086,1448.0,,,Primary Transit,,NGTS-9,619.732,0.96
4708,Qatar-10 b,Confirmed,0.736,3.068,1.645321,0.0286,0.0,,2019.0,2019-03-25,2458247.90746,1955.0,,,Primary Transit,,Qatar-10,539.0,3.2
4709,Qatar-2 b,Confirmed,2.494,2.508,1.33711647,0.02153,0.0,,2011.0,2021-02-05,2455624.26679,1344.0,,,Primary Transit,,Qatar-2,182.32,5.0
4713,Qatar-6 A b,Confirmed,0.668,2.124,3.506189,0.0423,0.0,,2017.0,2019-12-02,2457784.0327,1006.0,,,Primary Transit,,Qatar-6 A,101.0,1.0
4714,Qatar-7 b,Confirmed,1.88,3.4,2.032046,0.0352,0.0,,2018.0,2018-12-18,2458043.32067,2053.0,,,Primary Transit,,Qatar-7,725.0,1.0
4716,Qatar-9 b,Confirmed,1.19,2.018,1.540731,0.0234,0.0,,2019.0,2019-03-25,2458227.75643,1134.0,,,Primary Transit,,Qatar-9,211.4,7.5
4759,TIC 237913194 b,Confirmed,1.942,2.234,15.168865,0.1207,0.575,,2020.0,2020-10-09,2458319.15055,974.0,,,Primary Transit,,TIC 237913194,309.6,5.7
4761,TOI-1062 b,Confirmed,0.032,0.40396,4.11412,0.052,0.179,,2021.0,2021-05-06,2459082.58,1077.0,,,Primary Transit,,TOI-1062,82.2,2.5
4763,TOI-1064 b,Confirmed,0.0425,0.4616,6.443868,0.06152,0.047,,2022.0,2022-01-12,2459036.8534,784.0,,,Primary Transit,,TOI-1064,68.81,
4769,TOI-1107 b,Confirmed,3.35,2.6,4.0782387,0.0561,0.025,,2022.0,2022-05-27,2459385.0123,1728.0,,,Primary Transit,,TOI-1107,283.61,2.6
4770,TOI-1130 b,Confirmed,0.06066,0.6352,4.07445,0.04457,0.0541,,2020.0,2023-05-26,2458658.7405,632.0,,,Primary Transit,,TOI-1130,58.26,8.2
4771,TOI-1130 c,Confirmed,1.02474,2.3766,8.350231,0.07191,0.0457,,2020.0,2023-05-26,2458657.90322,498.0,,,Primary Transit,,TOI-1130,58.26,8.2
4779,TOI-1201 b,Confirmed,0.01976,0.4309,2.4919863,0.0287,0.0,,2021.0,2021-09-20,2459169.23222,703.0,,,Primary Transit,,TOI-1201,37.636,
4781,TOI-1221 b,Confirmed,3.5,0.5192,91.68278,0.39,0.21,,2022.0,2022-09-29,2458404.1791,400.0,,,Primary Transit,,TOI-1221,,
4783,TOI-1231 b,Confirmed,0.0485,0.6512,24.245586,0.1288,0.087,,2021.0,2021-05-19,2458563.88838,330.0,,,Primary Transit,,TOI-1231,27.4932,
4785,TOI-1238 b,Confirmed,0.01183,0.2158,0.764597,0.0139,0.25,,2021.0,2021-11-30,2458684.102,1130.0,,,Primary Transit,,TOI-1238,70.6424,0.8
4786,TOI-1238 c,Confirmed,0.02618,0.3764,3.294736,0.037,0.15,,2021.0,2021-11-30,2458707.352,700.0,,,Primary Transit,,TOI-1238,70.6424,0.8
4791,TOI-1247 b,Confirmed,0.0179,0.4478,15.92346,,0.42,,2019.0,2023-07-03,2459324.5878,815.0,,,Primary Transit,,TOI-1247,73.8713,
4792,TOI-125 b,Confirmed,0.0299,0.4864,4.65382,0.05186,0.194,,2019.0,2020-03-04,2458355.35529,1037.0,,,Primary Transit,,TOI-125,111.4,6.8
4793,TOI-125 c,Confirmed,0.02086,0.49228,9.15059,0.0814,0.066,,2019.0,2020-03-04,2458361.9085,827.8,,,Primary Transit,,TOI-125,111.4,6.8
4794,TOI-125 d,Confirmed,0.0428,0.5228,19.98,0.137,0.168,,2019.0,2020-03-04,2458342.8516,638.1,,,Primary Transit,,TOI-125,111.4,6.8
4795,TOI-1259A b,Confirmed,0.441,2.044,3.47798,0.0407,0.0,,2021.0,2021-01-11,2458686.700531,963.0,,,Primary Transit,,TOI-1259A,118.11,
4796,TOI-1260 b,Confirmed,0.02693,0.43,3.127463,0.0367,0.0,,2021.0,2022-12-09,2459065.564269,871.0,,,Primary Transit,,TOI-1260,73.41,
4797,TOI-1260 c,Confirmed,0.0415,0.4924,7.493134,0.0657,0.0,,2021.0,2022-12-09,2459068.270505,651.0,,,Primary Transit,,TOI-1260,73.41,
4798,TOI-1260 d,Confirmed,0.03725,0.5566,16.608,0.1116,0.0,,2022.0,2022-12-09,2459062.017406,499.0,,,Primary Transit,,TOI-1260,73.41,
4799,TOI-1266 b,Confirmed,0.05,0.4228,10.894843,0.0736,0.09,,2020.0,2020-09-10,2458821.74439,413.0,,,Primary Transit,,TOI-1266,36.05,7.9
4800,TOI-1266 c,Confirmed,0.0201,0.2784,18.80151,0.1058,0.04,,2020.0,2021-11-03,2458821.5706,344.0,,,Primary Transit,,TOI-1266,36.05,7.9
4802,TOI-1272 b,Confirmed,0.0774,0.7386,3.31599,0.0412,0.338,,2022.0,2022-06-30,2458713.0253,961.0,,,Primary Transit,,TOI-1272,,
4805,TOI-1288 b,Confirmed,42.0,0.935,2.6998,0.0429,0.064,,2019.0,2022-12-01,2458712.3587,1266.0,,,Primary Transit,,TOI-1288,114.7,
4808,TOI-1298 b,Confirmed,0.356,1.682,4.537164,0.059,0.032,,2021.0,2021-07-15,2458929.58558,1388.0,,,Primary Transit,,TOI-1298,319.0,1.6
4809,TOI-132 b,Confirmed,0.07183,0.612,2.1097008,0.026,0.087,,2019.0,2019-11-07,2458343.77954,1384.0,,,Primary Transit,,TOI-132,164.47,6.34
4817,TOI-1416 b,Confirmed,0.01095,0.289,1.0697564,0.019,0.0,,2023.0,2023-05-31,2458739.462,1517.0,,,Primary Transit,,TOI-1416,55.044,
4819,TOI-1422 b,Confirmed,0.028,0.7066,12.9972,0.108,0.04,,2022.0,2022-07-08,2458745.9205,867.0,,,Primary Transit,,TOI-1422,154.56,5.1
4822,TOI-1431 b,Confirmed,3.14,3.016,2.65022,0.047,0.01,,2021.0,2023-06-29,2458739.17736,2370.0,,,Primary Transit,,TOI-1431/MASCARA-5,149.6,0.29
4826,TOI-1452 b,Confirmed,0.01517,0.29834,11.06201,0.061,0.0,,2022.0,2022-08-15,2458691.5321,300.0,,,Primary Transit,,TOI-1452,30.5043,
4829,TOI-1470 b,Confirmed,0.02303,0.389,2.527093,0.0285,0.3,,2023.0,2023-06-16,2458766.4702,640.0,,,Primary Transit,,TOI-1470,51.9503,1.3
4830,TOI-1470 c,Confirmed,0.02278,0.4408,18.08816,0.106,0.5,,2023.0,2023-06-16,2458772.176,330.0,,,Primary Transit,,TOI-1470,51.9503,1.3
4831,TOI-1471,Confirmed,0.0576,0.59648,52.563491,0.2669,0.23,,2023.0,2023-07-03,2458779.1919,487.0,,,Primary Transit,,TOI-1471,62.29,
4832,TOI-1471 b,Confirmed,0.031,0.696,20.772907,0.1438,0.22,,2023.0,2023-07-03,2458767.42089,663.0,,,Primary Transit,,TOI-1471,62.29,
4833,TOI-1473 b,Confirmed,0.034,0.4372,5.254467,,0.0,,2019.0,2023-07-04,2459321.505,1194.0,,,Primary Transit,,TOI-1473,67.6203,
4835,TOI-150 b,Confirmed,2.51,2.51,5.857487,0.0643,0.262,,2019.0,2019-09-18,2458326.27908,1404.0,,,Primary Transit,,TOI-150,336.0,2.346
4837,TOI-1518 b,Confirmed,2.3,3.75,1.902603,0.039,0.01,,2021.0,2021-08-27,2458787.049255,2892.0,,,Primary Transit,,TOI-1518,,
4838,TOI-157 b,Confirmed,1.18,2.572,2.0845435,0.0318,0.0,,2020.0,2020-03-13,2458326.54771,1588.0,,,Primary Transit,,TOI-157,362.1,12.82
4840,TOI-163 b,Confirmed,1.22,2.978,4.231306,0.058,0.0,,2019.0,2019-09-18,2458328.8797,1669.0,,,Primary Transit,,TOI-163,416.7,1.823
4841,TOI-1634 b,Confirmed,0.01545,0.3194,0.989343,0.01545,0.16,,2021.0,2021-03-26,2458791.51473,924.0,,,Primary Transit,,TOI-1634,35.274,
4844,TOI-1670 b,Confirmed,0.0434,0.3676,10.98462,0.103,0.59,,2022.0,2022-03-10,2458721.9423,1062.0,,,Primary Transit,,TOI-1670,165.72,2.53
4845,TOI-1670 c,Confirmed,0.63,1.974,40.74976,0.249,0.09,,2022.0,2022-03-10,2458750.88286,684.0,,,Primary Transit,,TOI-1670,165.72,2.53
4848,TOI-169 b,Confirmed,0.791,2.172,2.2554477,0.03524,0.0,,2020.0,2020-03-13,2458327.44174,1715.0,,,Primary Transit,,TOI-169,412.5,4.7
4852,TOI-1695 b,Confirmed,0.0182,0.34,3.1342788,0.033548,0.1,,2022.0,2022-11-15,2458791.52056,590.0,,,Primary Transit,,TOI-1695,44.99,
4853,TOI-1696 b,Confirmed,0.1787,0.5782,2.50031,0.0235,0.0,,2022.0,2022-04-21,2458816.699,533.0,,,Primary Transit,,TOI-1696,65.03,
4855,TOI-172 b,Confirmed,5.41,1.93,9.47721,0.0913,0.3805,,2019.0,2021-01-15,2458326.9195,1198.0,,,Primary Transit,,TOI-172,336.47,7.5
4856,TOI-1728 b,Confirmed,0.08426,0.901,3.49151,0.0391,0.057,,2020.0,2020-06-26,2458843.27427,767.0,,,Primary Transit,,TOI-1728,60.8,7.1
4857,TOI-1736 b,Confirmed,0.0374,0.5442,7.073091,,0.16,,2019.0,2023-07-04,2459740.5891,1186.0,,,Primary Transit,,TOI-1736,88.9482,
4859,TOI-1749 b,Confirmed,0.06,0.248,2.38839,0.0291,0.02,,2021.0,2022-09-10,2458684.3613,831.0,,,Primary Transit,,TOI-1749,99.56,
4860,TOI-1749 c,Confirmed,0.0066,0.3782,4.4929,0.0443,0.007,,2021.0,2022-09-10,2458685.9386,673.0,,,Primary Transit,,TOI-1749,99.56,
4861,TOI-1749 d,Confirmed,0.0135,0.4496,9.0497,0.0707,0.015,,2021.0,2022-09-10,2458688.7805,533.0,,,Primary Transit,,TOI-1749,99.56,
4862,TOI-1759 b,Confirmed,0.0214,0.546,18.849975,0.1176,0.0,,2022.0,2022-02-04,2458745.4661,433.0,,,Primary Transit,,TOI-1759,40.12,5.0
4870,TOI-179 b,Confirmed,0.0758,0.4872,4.1374386,0.0476,0.34,,2019.0,2022-11-12,2458747.64452,935.0,,,Primary Transit,,TOI-179,38.585,0.3
4873,TOI-181 b,Confirmed,0.13,1.2366,4.53206,0.05578,0.19,,2022.0,2022-11-16,2458358.118,877.0,,,Primary Transit,,TOI-181,96.2338,
4875,TOI-1820 b,Confirmed,2.3,2.24,4.8607,0.069,0.043,,2022.0,2022-05-02,2458903.0631,1295.0,,,Primary Transit,,TOI-1820,250.0,11.0
4880,TOI-1899 b,Confirmed,0.66,2.74,29.02,0.1587,0.118,,2020.0,2020-07-17,2458711.95779,362.0,,,Primary Transit,,TOI-1899,128.4,7.4
4881,TOI-1937 b,Confirmed,2.01,2.494,0.94667944,0.01932,0.0,,2022.0,2022-10-31,2459085.91023,2097.0,,,Primary Transit,,TOI-1937,418.7,3.6
4882,TOI-1994 b,Confirmed,22.1,2.44,4.0337142,0.0613,0.0341,,2023.0,2023-05-16,2459290.01375,2290.0,,,Primary Transit,,TOI-1994,517.0,0.94
4883,TOI-2000 b,Confirmed,0.0324,0.471,3.098331,0.0426,0.0,,2022.0,2022-09-30,2458901.7192,1475.0,,,Primary Transit,,TOI-2000,173.6,5.1
4884,TOI-2000 c,Confirmed,0.2382,1.422,9.1270553,0.0875,0.064,,2022.0,2022-09-30,2459118.06589,1029.0,,,Primary Transit,,TOI-2000,173.6,5.1
4885,TOI-201 b,Confirmed,0.42,2.0,52.97818,0.3,0.28,,2021.0,2021-03-05,2458376.0512,759.0,,,Primary Transit,,TOI-201,114.2,0.87
4886,TOI-2018 b,Confirmed,0.0289,0.405,7.435583,,0.0,,2019.0,2023-06-16,2458958.2582,652.0,,,Primary Transit,,TOI-2018,28.0,
4888,TOI-2025 b,Confirmed,4.4,2.24,8.872086,0.089,0.44,,2022.0,2022-05-02,2458690.2896,1186.0,,,Primary Transit,,TOI-2025,339.0,1.7
4898,TOI-2095 b,Confirmed,0.0129,0.223,17.774872,0.101,0.12,,2023.0,2023-04-20,2459646.7038,347.0,,,Primary Transit,,TOI-2095,41.917,
4899,TOI-2095 c,Confirmed,0.0233,0.2374,28.17221,0.137,0.13,,2023.0,2023-04-20,2459662.1464,297.0,,,Primary Transit,,TOI-2095,41.917,
4900,TOI-2096 b,Confirmed,0.006,0.22178,3.1190633,0.025,0.15,,2022.0,2023-02-16,2459146.45853,445.0,,,Primary Transit,,TOI-2096,48.4809,
4901,TOI-2096 c,Confirmed,0.0145,0.34152,6.38784,0.04,0.1,,2022.0,2023-02-16,2459147.45983,349.0,,,Primary Transit,,TOI-2096,48.4809,
4904,TOI-2136 b,Confirmed,0.0148,0.373,7.85191,0.054,0.07,,2022.0,2022-04-21,2459017.7039,378.0,,,Primary Transit,,TOI-2136,33.36,4.6
4908,TOI-2158 b,Confirmed,0.82,1.92,8.60077,0.074,0.031,,2022.0,2022-05-02,2459018.9224,1188.0,,,Primary Transit,,TOI-2158,200.0,8.0
4909,TOI-216 b,Confirmed,0.0558,1.3722,17.0991,0.1293,0.161,,2019.0,2022-12-16,2458325.327,628.0,,,Primary Transit,,TOI-216,178.89,
4911,TOI-2180 b,Confirmed,2.755,2.02,260.158,0.828,0.368,,2022.0,2022-04-13,2458830.76417,348.0,,,Primary Transit,,TOI-2180,116.3,8.1
4913,TOI-2193 b,Confirmed,0.94,3.54,2.1225735,0.03319,0.0,,2022.0,2022-05-24,2459052.42122,1763.0,,,Primary Transit,,TOI-2193,345.3,5.5
4915,TOI-2196 b,Confirmed,0.082,0.6262,1.1947268,0.02234,0.0,,2022.0,2022-08-12,2459036.5126,1860.0,,,Primary Transit,,TOI-2196,263.98,4.5
4916,TOI-220 b,Confirmed,0.0428,0.5388,10.695264,0.0892,0.029,,2021.0,2021-05-06,2458335.9021,806.0,,,Radial Velocity,,TOI-220,89.0,10.1
4919,TOI-2207 b,Confirmed,0.64,1.99,8.001968,0.0854,0.174,,2022.0,2022-05-24,2459283.82747,1259.0,,,Primary Transit,,TOI-2207,380.6,3.3
4920,TOI-2236 b,Confirmed,1.58,2.564,3.5315902,0.05,0.0,,2022.0,2022-12-23,2459011.45704,1688.0,,,Primary Transit,,TOI-2236,352.5,
4921,TOI-2257 b,Confirmed,0.0179,0.39148,35.189346,0.145,0.496,,2021.0,2021-11-03,2459007.97949,256.0,,,Primary Transit,,TOI-2257,57.7911,
4923,TOI-2285 b,Confirmed,0.0614,0.3104,27.26955,0.1363,0.3,,2021.0,2021-10-22,2458747.1815,284.0,,,Primary Transit,,TOI-2285,42.409,
4925,TOI-2338 b,Confirmed,5.98,2.0,22.65398,0.158,0.676,,2023.0,2023-04-06,2458458.3745,799.0,,,Primary Transit,,TOI-2338,316.0,7.0
4926,TOI-2364 b,Confirmed,0.225,1.536,4.0197517,0.04871,0.0,,2022.0,2022-10-31,2459058.21396,1091.0,,,Primary Transit,,TOI-2364,218.63,3.5
4928,TOI-2406 b,Confirmed,0.0286,0.5246,3.0766896,0.0228,0.26,,2021.0,2021-08-02,2459115.97547,447.0,,,Primary Transit,,TOI-2406,55.6,
4930,TOI-2421 b,Confirmed,0.333,1.848,4.474032,0.0543,0.0,,2022.0,2022-05-24,2458957.01765,1534.0,,,Primary Transit,,TOI-2421,327.3,
4936,TOI-2498 b,Confirmed,0.10893,1.0812,3.738252,0.0491,0.089,,2023.0,2023-05-13,2459204.4167,1443.0,,,Primary Transit,,TOI-2498,277.0,3.6
4941,TOI-2567 b,Confirmed,0.2,1.95,5.983944,0.0672,0.0,,2022.0,2022-05-24,2459007.78085,1352.0,,,Primary Transit,,TOI-2567,518.4,
4942,TOI-257 b,Confirmed,0.134,1.252,18.38827,0.1523,0.24,,2020.0,2020-01-23,2458385.76,1033.0,,,Primary Transit,,TOI-257,77.07,3.11
4943,TOI-2570 b,Confirmed,82.0,2.434,2.9887615,0.04145,0.0,,2022.0,2022-05-25,2459393.14532,1431.0,,,Primary Transit,,TOI-2570,361.7,
4944,TOI-2583 b,Confirmed,0.25,2.58,4.5207265,0.0571,0.0,,2022.0,2022-12-20,2459216.01039,1456.0,,,Primary Transit,,TOI-2583A,561.2,4.4
4945,TOI-2587 b,Confirmed,0.218,2.154,5.45664,0.0635,0.0,,2022.0,2022-12-08,2458950.09242,1445.0,,,Primary Transit,,TOI-2587,381.0,6.7
4946,TOI-2589 b,Confirmed,3.5,2.16,61.6277,0.3,0.522,,2023.0,2023-04-06,2458494.579,592.0,,,Primary Transit,,TOI-2589,202.0,11.0
4947,TOI-263 b,Confirmed,61.6,1.82,0.5568143,0.0098,0.017,,2019.0,2021-03-23,2458386.17184,1020.0,,,Primary Transit,,TOI-263,279.0,4.75
4948,TOI-2641 b,Confirmed,0.366,3.23,4.880974,0.0607,0.0,,2023.0,2023-05-08,2459332.21332,1387.0,,,Primary Transit,,TOI-2641,,
4949,TOI-266 b,Confirmed,0.0245,0.4568,10.75101,,0.14,,2019.0,2023-06-30,2458758.62,855.0,,,Primary Transit,,TOI-266,101.694,
4950,TOI-266 c,Confirmed,9.4,0.4426,19.6053,,0.28,,2019.0,2023-06-30,2458751.195,699.0,,,Primary Transit,,TOI-266,101.694,
4952,TOI-269 b,Confirmed,0.0277,0.4942,3.6977104,0.0345,0.425,,2021.0,2021-05-03,2458381.84668,531.0,,,Primary Transit,,TOI-269,57.023,
4953,TOI-270 b,Confirmed,0.006,0.2225,3.36008,0.0306,0.0,,2019.0,2019-03-15,2458461.01464,528.0,,,Primary Transit,,TOI-270,22.453,
4955,TOI-270 d,Confirmed,0.017,0.38,11.38014,0.0733,0.0,,2019.0,2019-03-15,2458469.33834,340.0,,,Primary Transit,,TOI-270,22.453,
4957,TOI-2796 b,Confirmed,0.44,3.18,4.8084983,0.04089,0.0,,2022.0,2022-10-31,2459026.48881,1205.0,,,Primary Transit,,TOI-2796,352.4,4.0
4958,TOI-2803 b,Confirmed,0.975,3.232,1.96229325,0.03185,0.0,,2022.0,2022-10-31,2459207.6864,1893.0,,,Primary Transit,,TOI-2803,501.1,3.7
4959,TOI-2818 b,Confirmed,0.71,2.726,4.039709,0.0493,0.0,,2022.0,2022-10-31,2459023.44641,1376.0,,,Primary Transit,,TOI-2818,315.0,9.5
4960,TOI-2842 b,Confirmed,0.37,2.292,3.5514058,0.0475,0.0,,2022.0,2022-10-31,2459172.17909,1471.0,,,Primary Transit,,TOI-2842,460.2,4.7
4961,TOI-2977 b,Confirmed,1.68,2.348,2.3505614,0.03386,0.0,,2022.0,2022-10-31,2459071.1922,1544.0,,,Primary Transit,,TOI-2977,355.7,9.8
4962,TOI-3023 b,Confirmed,0.62,2.932,3.9014971,0.0505,0.0,,2022.0,2022-10-31,2459071.1922,1596.0,,,Primary Transit,,TOI-3023,392.8,7.0
4964,TOI-3235 b,Confirmed,0.665,2.034,2.59261842,0.02709,0.029,,2023.0,2023-02-21,2459690.00173,604.0,,,Primary Transit,,TOI-3235,72.5,
4965,TOI-3331 b,Confirmed,2.27,2.316,2.0180231,0.03144,0.0,,2022.0,2022-05-25,2459371.653,1488.0,,,Primary Transit,,TOI-3331,224.9,
4968,TOI-3540 b,Confirmed,1.18,4.2,3.119999,0.04289,0.0,,2022.0,2022-05-25,2458806.68164,1498.0,,,Primary Transit,,TOI-3540,282.4,
4969,TOI-3629 b,Confirmed,0.26,1.48,3.936551,0.043,0.05,,2022.0,2022-01-26,2458784.256,690.0,,,Primary Transit,,TOI-3629,129.7,7.0
4970,TOI-3688 b,Confirmed,0.98,2.334,3.246075,0.0456,0.0,,2022.0,2022-10-31,2459108.0507,1534.0,,,Primary Transit,,TOI-3688,401.0,3.3
4971,TOI-3693 b,Confirmed,1.02,2.248,8.088516,0.081,0.0,,2022.0,2022-05-25,2458806.68164,801.0,,,Primary Transit,,TOI-3693,176.8,
4972,TOI-3714 b,Confirmed,0.7,2.02,2.154849,0.027,0.03,,2022.0,2022-01-26,2458840.5093,750.0,,,Primary Transit,,TOI-3714,112.5,2.9
4973,TOI-3757 b,Confirmed,0.2684,2.14,3.438753,0.03845,0.14,,2022.0,2022-03-15,2458838.77148,759.0,,,Primary Transit,,TOI-3757,177.4,7.1
4974,TOI-3785 b,Confirmed,0.04704,0.9172,4.6747373,0.043,0.11,,2023.0,2023-04-11,2458861.49553,582.0,,,Primary Transit,,TOI-3785,79.4,8.0
4975,TOI-3807 b,Confirmed,1.04,4.0,2.8989727,0.0421,0.0,,2022.0,2022-10-31,2459218.13454,1646.0,,,Primary Transit,,TOI-3807,429.0,5.6
4976,TOI-3819 b,Confirmed,1.11,2.344,3.2443141,0.04611,0.0,,2022.0,2022-12-09,2459502.7437,1633.0,,,Primary Transit,,TOI-3819,562.1,4.5
4977,TOI-3884 b,Confirmed,0.0519,1.1258,4.5445697,0.0354,0.32,,2022.0,2022-10-21,2459642.86314,463.0,,,Primary Transit,,TOI-3884,43.338,
4978,TOI-3912 b,Confirmed,0.406,2.548,3.4936264,0.0463,0.0,,2022.0,2022-10-31,2459442.81871,1512.0,,,Primary Transit,,TOI-3912,470.0,7.5
4979,TOI-3976 b,Confirmed,0.175,2.19,6.607662,0.0743,0.0,,2022.0,2022-10-31,2459011.15791,1295.0,,,Primary Transit,,TOI-3976,522.2,3.8
4980,TOI-3984 Ab,Confirmed,0.138,1.42,4.353326,0.041,0.04,,2023.0,2023-02-16,2459715.02268,563.0,,,Primary Transit,,TOI-3984 A,,
4981,TOI-4010 b,Confirmed,0.035,0.5388,1.348335,0.0229,0.03,,2023.0,2023-06-13,2459007.549,1441.0,,,Primary Transit,,TOI-4010,176.5,
4982,TOI-4010 c,Confirmed,0.0639,1.058,5.414654,0.058,0.03,,2023.0,2023-06-13,2459000.0523,907.0,,,Primary Transit,,TOI-4010,176.5,
4983,TOI-4010 d,Confirmed,0.12003,1.1026,14.70886,0.113,0.07,,2023.0,2023-06-13,2458985.985,650.0,,,Primary Transit,,TOI-4010,176.5,
4987,TOI-4087 b,Confirmed,0.73,2.328,3.1774835,0.04469,0.0,,2022.0,2022-10-31,2459244.56641,1458.0,,,Primary Transit,,TOI-4087,310.4,0.8
4988,TOI-4127 b,Confirmed,2.3,2.192,56.39879,0.3081,0.747,,2023.0,2023-03-28,2458862.72816,605.0,,,Primary Transit,,TOI-4127,,
4989,TOI-4137 b,Confirmed,1.01,2.422,3.8016122,0.05222,0.0,,2022.0,2022-05-25,2458990.46651,1570.0,,,Primary Transit,,TOI-4137,345.9,
4990,TOI-4138 b,Confirmed,0.67,2.98,3.660028,0.051,0.03,,2021.0,2021-10-04,2451708.9983,1762.0,,,Primary Transit,,TOI-4138,507.0,9.54
4991,TOI-4145 b,Confirmed,0.43,2.374,4.0664428,0.04823,0.0,,2022.0,2022-10-31,2458925.88211,1074.0,,,Primary Transit,,TOI-4145,205.0,4.7
4996,TOI-431 b,Confirmed,0.00966,0.2284,0.490047,0.0113,0.0,,2021.0,2021-08-06,2458627.538,1862.0,,,Primary Transit,,TOI-431,32.61,
4998,TOI-431 d,Confirmed,0.0311,0.587,12.46103,0.098,0.0,,2021.0,2021-08-06,2458627.5453,633.0,,,Primary Transit,,TOI-431,32.61,
5002,TOI-4406 b,Confirmed,0.3,2.0,30.08364,0.201,0.15,,2023.0,2023-04-06,2458372.194,904.0,,,Primary Transit,,TOI-4406,,
5003,TOI-4463 b,Confirmed,0.794,2.366,2.8807198,0.04035,0.0,,2022.0,2022-10-31,2459291.64003,1395.0,,,Primary Transit,,TOI-4463,177.64,4.1
5010,TOI-4562 b,Confirmed,3.29,2.144,225.11757,0.771,0.81,,2022.0,2022-08-24,2459582.4625,349.0,,,Primary Transit,,TOI-4562,346.9,
5012,TOI-4603 b,Confirmed,12.89,2.084,7.24599,0.0888,0.325,,2023.0,2023-03-22,2459549.126,1677.0,,,Primary Transit,,TOI-4603,224.14,1.98
5013,TOI-469 b,Confirmed,0.0182,0.5996,3.63083,,0.0,,2019.0,2023-06-30,2458842.6015,755.0,,,Primary Transit,,TOI-469,68.192,
5014,TOI-4791 b,Confirmed,2.31,2.22,4.28088,0.0555,0.0,,2022.0,2022-10-31,2459237.59508,1472.0,,,Primary Transit,,TOI-4791,322.1,3.3
5021,TOI-5153 b,Confirmed,3.26,2.12,20.33003,0.158,0.09,,2022.0,2022-07-11,2458486.1239,906.0,,,Primary Transit,,TOI-5153,390.1,5.4
5023,TOI-519 b,Confirmed,0.463,1.5,1.2652328,0.012,0.06,,2021.0,2023-05-01,2458491.87712,760.0,,,Primary Transit,,TOI-519,115.93,
5024,TOI-5205 b,Confirmed,1.08,2.07,1.630757,0.0199,0.02,,2022.0,2022-09-23,2459443.47179,737.0,,,Primary Transit,,TOI-5205,86.865,
5026,TOI-5293 Ab,Confirmed,0.54,2.12,2.930289,0.034,0.08,,2023.0,2023-02-16,2459448.0,675.0,,,Primary Transit,,TOI-5293 A,,
5027,TOI-530 b,Confirmed,0.4,1.66,6.387597,0.052,0.0,,2021.0,2021-10-11,2458470.1998,565.0,,,Primary Transit,,TOI-530,147.7,
5028,TOI-532 b,Confirmed,0.1935,1.0384,2.32666508,0.0296,0.0,,2021.0,2021-07-30,2458470.576777,867.0,,,Primary Transit,,TOI-532,134.61,7.1
5032,TOI-554 b,Confirmed,0.0267,0.4674,7.049144,,0.0,,2019.0,2023-06-30,2458978.3531,1290.0,,,Primary Transit,,TOI-554,45.6181,
5033,TOI-554 c,Confirmed,0.0129,0.268,3.04405,,0.23,,2022.0,2023-06-30,2458980.314,1700.0,,,Primary Transit,,TOI-554,45.6181,
5034,TOI-5542 b,Confirmed,1.32,2.018,75.12375,0.332,0.018,,2022.0,2022-09-30,2458679.3476,441.0,,,Primary Transit,,TOI-5542,353.7,10.8
5036,TOI-559 b,Confirmed,6.01,2.182,6.9839095,0.0723,0.15,,2021.0,2021-02-05,2458893.81305,1180.0,,,Primary Transit,,TOI-559,233.2,6.8
5041,TOI-564 b,Confirmed,1.463,2.04,1.651144,0.02734,0.072,,2019.0,2019-12-26,2458518.20381,1714.0,,,Primary Transit,,TOI-564,200.7,7.3
5042,TOI-5678 b,Confirmed,0.063,0.876,47.73022,0.249,0.14,,2023.0,2023-06-09,2458424.7069,513.0,,,Primary Transit,,TOI-5678,104.0,8.5
5044,TOI-615 b,Confirmed,0.435,3.386,4.66155983,0.0678,0.0,,2023.0,2023-05-08,2459259.49383,1666.0,,,Primary Transit,,TOI-615,,
5045,TOI-620 b,Confirmed,0.0485,0.6708,5.0988179,0.04825,0.19,,2022.0,2022-04-08,2458518.00718,604.0,,,Primary Transit,,TOI-620,33.022,7.2
5047,TOI-622 b,Confirmed,0.303,1.648,6.402513,0.0708,0.0,,2023.0,2023-05-08,2458520.69176,1388.0,,,Primary Transit,,TOI-622,,
5051,TOI-674 b,Confirmed,0.0739,0.9386,1.977143,0.0231,0.1,,2021.0,2021-06-03,2458641.404604,661.0,,,Primary Transit,,TOI-674,46.16,5.5
5052,TOI-677 b,Confirmed,1.236,2.358,11.2366,0.1038,0.435,,2019.0,2019-11-14,2458547.47448,1252.0,,,Primary Transit,,TOI-677,143.0,2.92
5055,TOI-700 d,Confirmed,0.00711,0.19146,37.42396,0.1633,0.042,,2020.0,2023-01-11,2458816.9952,295.0,,,Primary Transit,,TOI-700,31.127,1.5
5057,TOI-712 b,Confirmed,0.0176,0.3656,9.531361,0.07928,0.54,,2021.0,2021-11-05,245.0,650.0,,,Primary Transit,,TOI-712,58.62,0.83
5062,TOI-733 b,Confirmed,5.72,3.98,4.884765,0.0618,0.046,,2023.0,2023-04-14,2458575.7767,1055.8,,,Primary Transit,,TOI-733,75.27,4.4
5073,TOI-836 b,Confirmed,0.01425,0.30404,3.81673,0.0422,0.053,,2022.0,2022-08-16,2458599.9953,871.0,,,Primary Transit,,TOI-836,27.504,5.4
5074,TOI-836 c,Confirmed,0.0302,0.4616,8.59545,0.075,0.078,,2022.0,2022-08-16,2458599.7623,665.0,,,Primary Transit,,TOI-836,27.504,5.4
5075,TOI-849 b,Confirmed,0.12299,0.61452,0.76552414,0.01598,0.0,,2020.0,2021-03-30,2458394.73768,1800.0,,,Primary Transit,,TOI-849,225.2,6.7
5077,TOI-892 b,Confirmed,0.95,2.14,10.62656,0.092,0.125,,2020.0,2020-09-21,2458475.689,1397.0,,,Primary Transit,,TOI-892,,
5078,TOI-905 b,Confirmed,0.667,2.342,3.739494,0.04666,0.024,,2019.0,2019-12-26,2458628.35101,1192.0,,,Primary Transit,,TOI-905,159.4,3.4
5083,TOI-954 b,Confirmed,0.174,1.704,3.6849729,0.04963,0.14,,2020.0,2020-10-28,2458411.90651,1526.0,,,Primary Transit,,TOI-954,235.7,6.14
5085,TRAPPIST-1 b,Confirmed,0.0027,0.19378,1.51087081,0.01111,0.0,,2016.0,2023-03-27,2457322.51736,400.1,503.0,,Primary Transit,H2O,TRAPPIST-1,12.1,7.6
5086,TRAPPIST-1 c,Confirmed,0.00434,0.18842,2.4218233,0.01521,0.0,,2016.0,2023-06-20,2457282.80728,341.9,,,Primary Transit,"CO2, H2O",TRAPPIST-1,12.1,7.6
5087,TRAPPIST-1 d,Confirmed,0.0013,0.1378,4.04961,0.02144,0.0,,2016.0,2022-11-23,2457670.14165,288.0,,,Primary Transit,H2O,TRAPPIST-1,12.1,7.6
5088,TRAPPIST-1 e,Confirmed,0.002,0.1638,6.099615,0.02817,0.0,,2017.0,2022-11-23,2457660.37859,251.3,,,Primary Transit,"CO2, H2O",TRAPPIST-1,12.1,7.6
5089,TRAPPIST-1 f,Confirmed,0.0021,0.18646,9.20669,0.0371,0.0,,2017.0,2022-11-23,2457671.39767,219.0,,,Primary Transit,H2O,TRAPPIST-1,12.1,7.6
5090,TRAPPIST-1 g,Confirmed,0.00422,0.201,12.35294,0.0451,0.0,,2017.0,2022-11-23,2457665.34937,198.6,,,Primary Transit,H2O,TRAPPIST-1,12.1,7.6
5107,TrES-2 A b,Confirmed,1.253,2.378,2.4706133738,0.03555,0.0,0.000162,2006.0,2020-04-20,2453957.6355,1455.0,,,Primary Transit,,TrES-2 A,220.0,5.1
5123,V 1298 Tau b,Confirmed,0.5,1.7754,24.14041,0.1716,0.29,,2019.0,2023-04-05,2457067.0488,685.0,,,Primary Transit,,V 1298 Tau,108.5,0.023
5124,V 1298 Tau c,Confirmed,0.0623,0.935,8.24872,0.0839,0.43,,2019.0,2023-04-05,2457064.2797,979.0,,,Primary Transit,,V 1298 Tau,108.5,0.023
5125,V 1298 Tau d,Confirmed,0.113,1.1312,12.40214,0.1101,0.21,,2019.0,2023-04-05,245.3913,855.0,,,Primary Transit,,V 1298 Tau,108.5,0.023
5126,V 1298 Tau e,Confirmed,0.66,1.696,46.768131,0.2667,0.57,,2019.0,2023-04-05,2457096.6229,549.0,,,Primary Transit,,V 1298 Tau,108.5,0.023
5139,WASP-100 b,Confirmed,2.03,3.38,2.849375,0.0457,0.0,,2013.0,2022-10-31,2456272.3395,2099.0,2710.0,,Primary Transit,,WASP-100,,
5140,WASP-101 b,Confirmed,0.5,2.82,3.585722,0.0506,0.0,,2013.0,2013-10-22,2456164.6934,1560.0,,,Primary Transit,,WASP-101,,0.9
5143,WASP-104 b,Confirmed,1.272,2.274,1.7554137,0.02918,0.0,,2014.0,2018-04-17,2456406.11126,1516.0,,,Primary Transit,,WASP-104,143.0,
5145,WASP-106 b,Confirmed,1.925,2.17,9.289715,0.0917,0.0,,2014.0,2016-01-10,2456649.54972,1140.0,,,Primary Transit,,WASP-106,283.0,
5148,WASP-108 b,Confirmed,1.167,2.43,2.6755463,0.0397,0.0,,2014.0,2014-10-29,2456413.79019,1590.0,,,Primary Transit,,WASP-108,220.0,4.6
5149,WASP-109 b,Confirmed,0.91,2.886,3.3190233,0.0463,0.0,,2014.0,2016-01-10,2456361.19263,1695.0,,,Primary Transit,,WASP-109,330.0,2.6
5150,WASP-110 b,Confirmed,0.515,2.476,3.7783977,0.0457,0.0,,2014.0,2014-10-29,2456502.72413,1134.0,,,Primary Transit,,WASP-110,320.0,8.6
5151,WASP-111 b,Confirmed,1.85,2.884,2.310965,0.03914,0.0,,2014.0,2014-10-29,2456275.75127,2140.0,,,Primary Transit,,WASP-111,210.0,2.6
5152,WASP-112 b,Confirmed,0.88,2.382,3.0353992,0.0382,0.0,,2014.0,2022-10-31,2456505.48734,1395.0,,,Primary Transit,,WASP-112,450.0,10.6
5153,WASP-113 b,Confirmed,0.475,2.818,4.54216874538,0.05885,0.0,,2016.0,2016-07-11,2457197.09746,1496.0,,,Primary Transit,,WASP-113,360.0,
5154,WASP-114 b,Confirmed,1.769,2.678,1.5487743,0.02851,0.012,,2016.0,2016-07-11,2456667.73582,2043.0,,,Primary Transit,,WASP-114,460.0,
5155,WASP-117 b,Confirmed,0.2755,2.042,10.02165,0.09459,0.302,,2014.0,2018-12-17,2456533.82326,1024.0,,,Primary Transit,,WASP-117,,4.6
5156,WASP-118 b,Confirmed,0.514,2.88,4.0460435,0.05453,0.0,,2016.0,2021-02-05,2456787.81423,1729.0,,,Primary Transit,,WASP-118,380.53,1.17
5157,WASP-119 b,Confirmed,1.23,2.8,2.49979,0.0363,0.058,,2016.0,2022-10-31,2456537.547,1600.0,,,Primary Transit,,WASP-119,333.0,8.0
5158,WASP-12 b,Confirmed,1.47,3.8,1.09141937,0.02344,0.0,5.4e-05,2008.0,2022-03-07,2457103.28365,2593.0,,,Primary Transit,"C, CH4, CO, CO2, Ca, Fe, H, H2, H2O, HCN, He, Mg, Na, Ni, O I, SiO, Ti, TiO, VO",WASP-12,432.5,1.7
5159,WASP-120 b,Confirmed,5.06,3.03,3.6112706,0.0522,0.059,,2015.0,2019-11-12,2456779.4352,1880.0,,,Primary Transit,,WASP-120,,
5161,WASP-122 b,Confirmed,1.401,3.584,1.7100567,0.03107,0.0,,2015.0,2019-11-12,2456665.22403,1970.0,,,Primary Transit,,WASP-122,,
5162,WASP-123 b,Confirmed,0.92,2.654,2.977641,0.0431,0.0,,2015.0,2015-09-12,2456845.17081,1510.0,,,Primary Transit,,WASP-123,,
5163,WASP-124 b,Confirmed,0.6,2.48,3.37265,0.0499,0.017,,2016.0,2022-10-31,2457028.5834,1400.0,,,Primary Transit,,WASP-124,433.0,2.1
5164,WASP-126 b,Confirmed,0.2841,1.92,3.2888,0.0449,0.18,,2016.0,2022-10-31,2456890.3191,1480.0,,,Primary Transit,,WASP-126,234.0,6.4
5168,WASP-129 b,Confirmed,1.0,1.86,5.748145,0.0628,0.096,,2016.0,2016-02-05,2457027.4373,1100.0,,,Primary Transit,,WASP-129,246.0,1.0
5170,WASP-130 b,Confirmed,1.23,1.78,11.55098,0.1012,0.0,,2016.0,2016-07-11,2456921.14307,833.0,,,Primary Transit,,WASP-130,180.0,2.0
5171,WASP-131 b,Confirmed,0.27,2.44,5.322023,0.0607,0.0,,2016.0,2016-07-11,2456919.8236,1400.0,,,Primary Transit,,WASP-131,250.0,4.5
5172,WASP-132 b,Confirmed,0.41,1.7932,7.133514,0.067,0.0,,2016.0,2022-05-06,2456698.2076,763.0,,,Primary Transit,,WASP-132,120.0,0.5
5174,WASP-133 b,Confirmed,1.16,2.42,2.176423,0.0345,0.17,,2016.0,2016-02-05,2457116.9874,1790.0,,,Primary Transit,,WASP-133,457.0,6.8
5175,WASP-134 b,Confirmed,1.412,1.976,10.1467583,0.0956,0.1447,,2018.0,2018-12-26,2457201.0309,953.0,,,Primary Transit,,WASP-134,195.0,5.1
5179,WASP-137 b,Confirmed,0.681,2.54,3.9080284,0.0519,0.14,,2018.0,2018-12-26,2456937.61342,1601.0,,,Primary Transit,,WASP-137,289.0,4.3
5181,WASP-139 b,Confirmed,0.117,1.6,5.924262,0.062,0.0,,2016.0,2016-07-11,2457196.7933,910.0,,,Primary Transit,,WASP-139,230.0,0.5
5184,WASP-141 b,Confirmed,2.69,2.42,3.310651,0.0469,0.0,,2016.0,2016-07-11,2457019.5953,1540.0,,,Primary Transit,,WASP-141,570.0,4.0
5185,WASP-142 b,Confirmed,0.84,3.06,2.052868,0.0347,0.0,,2016.0,2016-07-11,2457007.7779,2000.0,,,Primary Transit,,WASP-142,840.0,2.0
5186,WASP-143 b,Confirmed,0.725,2.468,3.778873,0.049,0.0007,,,2018-12-26,2457099.94471,1325.0,,,Primary Transit,,WASP-143,402.0,1.9
5187,WASP-144 b,Confirmed,0.44,1.7,2.2783152,0.0316,0.0,,2018.0,2018-03-16,2457157.27493,1260.0,,,Primary Transit,,WASP-144,,0.5
5188,WASP-145 A b,Confirmed,0.89,1.8,,0.0261,0.0,,2018.0,2019-12-02,2456844.16526,1200.0,,,Primary Transit,,WASP-145 A,,0.5
5189,WASP-146 b,Confirmed,1.11,2.456,3.396944,0.0451,0.15,,2018.0,2018-12-26,2457109.72182,1486.0,,,Primary Transit,,WASP-146,495.0,6.9
5191,WASP-148 b,Confirmed,0.287,1.512,8.80345,0.08215,0.208,,2020.0,2022-04-15,2457957.4877,940.0,,,Primary Transit,,WASP-148,248.1,
5194,WASP-150 b,Confirmed,8.46,2.14,5.644207,0.0694,0.3775,,2020.0,2020-04-18,2457217.2614,1460.0,,,Primary Transit,,WASP-150,536.0,
5197,WASP-156 b,Confirmed,0.1303,1.108,3.8361603,0.0451,0.0,,2017.0,2021-09-25,2458414.136153,972.0,,,Primary Transit,,WASP-156,140.0,6.4
5198,WASP-157 b,Confirmed,0.576,1.996,3.951623,0.0499,0.0,,2016.0,2021-02-05,2457257.803194,1193.0,,,Primary Transit,,WASP-157,337.71,1.0
5199,WASP-158 b,Confirmed,2.79,2.14,,0.0517,0.0,,2018.0,2018-05-15,2457619.9195,1590.0,,,Primary Transit,,WASP-158,,1.7
5200,WASP-159 b,Confirmed,0.55,2.76,3.840401,0.0538,0.0,,2018.0,2019-03-04,2457668.0849,1850.0,,,Primary Transit,,WASP-159,,5.0
5204,WASP-162 b,Confirmed,5.2,2.0,9.62468,0.0871,0.434,,2018.0,2018-05-15,2457701.3816,910.0,,,Primary Transit,,WASP-162,,1.0
5208,WASP-166 b,Confirmed,0.102,1.231,5.44354215,0.0668,0.0,,2018.0,2022-07-22,2458524.40869201,1270.0,,,Primary Transit,Na,WASP-166,113.0,2.1
5210,WASP-168 b,Confirmed,0.42,3.0,4.153658,0.0519,0.0,,2018.0,2018-05-15,2457424.5278,1340.0,,,Primary Transit,,WASP-168,,1.0
5211,WASP-169 b,Confirmed,0.561,2.608,5.6114118,0.0681,0.0,,2019.0,2019-04-24,2457697.0176,1604.0,,,Primary Transit,,WASP-169,638.0,3.8
5214,WASP-171 b,Confirmed,1.084,1.976,3.8186244,0.0504,0.0,,2019.0,2019-04-24,2458059.8295,1642.0,,,Primary Transit,,WASP-171,774.0,5.908
5215,WASP-172 b,Confirmed,0.47,3.14,5.477433,0.0694,0.0,,2018.0,2018-05-15,2457032.2617,1740.0,,,Primary Transit,,WASP-172,,1.2
5216,WASP-174 b,Confirmed,0.33,2.874,4.2337005,0.05503,0.0,,2018.0,2019-09-20,2458545.5266,1528.0,,,Primary Transit,,WASP-174,,1.65
5217,WASP-175 b,Confirmed,0.99,2.416,3.0652907,0.044,0.0,,2019.0,2019-04-24,2457143.78886,1571.0,,,Primary Transit,,WASP-175,584.0,1.745
5218,WASP-176 b,Confirmed,0.855,3.01,3.899052,0.0535,0.0,,2020.0,2020-04-15,2458234.1771,1721.0,,,Primary Transit,,WASP-176,578.0,
5220,WASP-178 b,Confirmed,1.41,3.88,3.3448285,0.0558,0.0,,2019.0,2022-04-06,2457482.31209,2402.0,,,Primary Transit,SiO,WASP-178,417.0,0.43
5221,WASP-18 b,Confirmed,10.4296,2.33,0.9414518,0.02047,0.0088,0.000205,2009.0,2020-04-17,2454221.48163,2069.0,,,Primary Transit,"CO, H, H2O",WASP-18,100.0,0.63
5225,WASP-182 b,Confirmed,0.148,1.7,3.3769848,0.0451,0.0,,2019.0,2019-04-24,2458018.66018,1479.0,,,Primary Transit,,WASP-182,331.0,5.952
5231,WASP-189 b,Confirmed,1.99,3.238,2.724033,0.05053,0.0,,2018.0,2022-07-11,2458626.5117,3353.0,,,Primary Transit,"Cr, Fe, Fe+, Mg, Mn, Ti, Ti+, TiO, V",WASP-189,99.0,0.855
5232,WASP-19 b,Confirmed,1.139,2.82,0.78884,0.016634,0.0046,,2009.0,2021-03-31,2455168.96801,2077.0,,,Primary Transit,"C, O I, TiO",WASP-19,,11.5
5236,WASP-20 A b,Confirmed,0.313,2.918,4.8996285,0.06003,0.0,,2011.0,2022-10-04,2455715.65562,1379.0,,,Primary Transit,H2O,WASP-20 A,210.0,7.0
5243,WASP-28 b,Confirmed,0.907,2.426,3.40883,0.04469,0.046,0.000136,2010.0,2019-06-13,2455290.40519,1468.0,,,Primary Transit,,WASP-28,410.0,5.0
5246,WASP-30 b,Confirmed,60.86,1.778,4.156736,0.05325,0.0,,2010.0,2022-09-23,2455334.98479,1474.0,,,Primary Transit,,WASP-30,366.0,2.0
5249,WASP-33 b,Confirmed,2.8,3.206,1.21986967,0.02558,0.0,0.000221,2010.0,2023-05-19,2454590.17936,2782.0,2300.0,,Primary Transit,"AlO, CO, Ca+, Fe, Fe I, H, H2O, Ni, OH, Si, SiO, Ti, Ti+, V",WASP-33,116.0,
5252,WASP-36 b,Confirmed,2.279,2.538,1.5373653,0.02624,0.0,5.8e-05,2010.0,2019-05-30,2455569.83731,1781.0,,,Primary Transit,,WASP-36,450.0,3.0
5257,WASP-41 b,Confirmed,0.94,2.36,3.052404,0.04,0.026,0.000222,2010.0,2015-09-28,2456014.9936,1244.0,,,Primary Transit,,WASP-41,180.0,
5264,WASP-47 b,Confirmed,1.14243,2.254,4.1591289,0.052,0.0028,0.00026,2012.0,2021-02-05,2456982.97823,1275.0,,,Primary Transit,,WASP-47,266.69,
5271,WASP-50 b,Confirmed,1.437,2.276,1.9550959,0.02913,0.009,0.000128,2011.0,2019-05-29,2455558.61197,1394.84,,,Primary Transit,,WASP-50,230.0,8.1
5276,WASP-55 b,Confirmed,0.61,2.66,4.46563,0.0533,0.0,,2012.0,2021-02-05,2455737.9396,1290.0,,,Primary Transit,,WASP-55,299.97,3.0
5280,WASP-59 b,Confirmed,0.863,1.55,7.919585,0.0697,0.1,,2011.0,2022-03-21,2455830.95559,670.0,,,Primary Transit,,WASP-59,125.0,0.5
5291,WASP-69 b,Confirmed,0.26,2.114,3.8681382,0.04525,0.0,,2011.0,2023-03-25,2455748.83344,963.0,,,Primary Transit,"C2H2, CH4, CO, CO2, H2O, HCN, He, NH3, Na, TiO",WASP-69,50.0,2.0
5293,WASP-70 A b,Confirmed,0.59,2.328,3.7130203,0.04853,0.0,,2011.0,2017-06-08,2455736.50348,1387.0,,,Primary Transit,,WASP-70 A,245.0,9.5
5296,WASP-73 b,Confirmed,1.88,2.32,4.08722,0.05512,0.0,,2013.0,2022-10-31,2456130.746,1790.0,,,Primary Transit,,WASP-73,,
5299,WASP-76 b,Confirmed,0.92,3.66,1.809886,0.033,0.0,,2013.0,2023-06-16,2456107.85507,2160.0,,,Primary Transit,"Al2O3, Ba, CH4, Ca, Ca+, Fe, H2O, He, Li, Mg, Mg2SiO4, Na, Ni, OH, SiO, Ti, TiO, VO",WASP-76,195.3,
5308,WASP-82 b,Confirmed,1.24,3.34,2.705782,0.0447,0.0,,2013.0,2014-05-28,2456157.9898,2190.0,,,Primary Transit,,WASP-82,200.0,
5309,WASP-83 b,Confirmed,0.3,2.08,4.071252,0.059,0.0,,2014.0,2015-07-27,2455928.8853,1120.0,,,Primary Transit,,WASP-83,300.0,5.0
5310,WASP-84 b,Confirmed,0.692,1.9128,8.5234964,0.0778,0.0,,2013.0,2023-05-17,2457956.71194,732.0,,,Primary Transit,,WASP-84,120.0,1.0
5312,WASP-85 A b,Confirmed,1.265,2.48,2.6556777,0.039,0.0,,2016.0,2021-02-05,2456847.47286,1452.0,,,Primary Transit,,WASP-85,,
5313,WASP-87 A b,Confirmed,2.21,2.77,1.682795,0.02946,0.0,,2014.0,2017-06-08,2456361.8403,2322.0,,,Primary Transit,,WASP-87 A,240.0,3.8
5314,WASP-88 b,Confirmed,0.56,3.4,4.954,0.06431,0.0,,2013.0,2014-05-26,2456474.73145,1775.0,,,Primary Transit,,WASP-88,,
5315,WASP-89 b,Confirmed,5.9,2.08,3.3564227,0.0427,0.193,,2014.0,2015-04-06,2456207.02114,1120.0,,,Primary Transit,,WASP-89,,1.3
5316,WASP-90 b,Confirmed,0.63,3.26,3.916243,0.0562,0.0,,2013.0,2014-05-21,2456235.5639,1840.0,,,Primary Transit,,WASP-90,340.0,
5318,WASP-92 b,Confirmed,0.805,2.922,2.1746742,0.0348,0.0,,2016.0,2017-06-25,2456381.2834,1871.0,,,Primary Transit,,WASP-92,530.0,
5322,WASP-95 b,Confirmed,1.206,2.196,2.1846656,0.0312,0.0,,2013.0,2022-10-31,2458326.50591,1692.0,,,Primary Transit,,WASP-95,,2.4
5323,WASP-96 b,Confirmed,0.48,2.4,3.4252602,0.0453,0.0,,2013.0,2022-07-07,2456258.0621,1285.0,,,Primary Transit,"H2O, Na",WASP-96,,8.0
5324,WASP-97 b,Confirmed,1.32,2.26,2.07276,0.03303,0.0,,2013.0,2014-05-28,2456438.18683,1555.0,,,Primary Transit,,WASP-97,,11.9
5325,WASP-98 b,Confirmed,0.83,2.2,2.96264,0.036,0.0,,2013.0,2016-06-03,2456333.3913,1180.0,,,Primary Transit,"TiO, VO",WASP-98,,3.0
5326,WASP-99 b,Confirmed,2.78,2.2,5.75251,0.0717,0.0,,2013.0,2018-12-17,2456224.9824,1480.0,,,Primary Transit,,WASP-99,,1.4
5351,WTS-2 b,Confirmed,1.12,2.6,1.0187074,0.01855,0.0,,2013.0,2014-02-28,2454317.81264,2000.0,,,Primary Transit,,WTS-2,1000.0,0.6
5352,Wendelstein-1 b,Confirmed,0.59,2.0,2.663416,0.0282,0.012,,2020.0,2020-05-30,2455367.73846,1884.0,,,Primary Transit,,Wendelstein-1,304.0,
5360,Wolf 503 b,Confirmed,0.0197,0.36454,6.001127,0.05706,0.41,,2018.0,2022-11-19,2458185.36087,790.0,,,Primary Transit,,Wolf 503,44.583,11.0
5367,XO-4 b,Confirmed,1.616,2.634,4.12473,0.05485,0.0,0.000189,2008.0,2019-06-13,2454485.93307,1641.0,,,Primary Transit,,XO-4,293.0,2.1
5369,XO-6 b,Confirmed,1.9,4.14,3.7650007,0.0815,0.0,,2016.0,2016-12-09,2456652.71245,1577.0,,,Primary Transit,,XO-6,86.0,1.88
5370,XO-7 b,Confirmed,0.709,2.746,2.8641424,0.04421,0.038,,2019.0,2019-12-24,2457917.47503,1743.0,,,Primary Transit,,XO-7,234.1,1.18
5423,pi Men c,Confirmed,0.01142,0.33438,6.267852,0.06702,0.15,,2018.0,2022-03-03,2458325.50306,1147.0,,,Primary Transit,,pi Men,18.37,2.98
